"title","publishDate","detailUrl","inquiryDeadline","bidDeadline","keyword"
"مشروع تأهيل وتطوير ممرات عبور مشاة ذكية لرفع كفاءة السلامة المرورية بمدينة سكاكا","2025-11-10","https://tenders.etimad.sa/Tender/DetailsForVisitor?STenderId=GBxhEVWJ4l2pKagTmZqZbA==","2025-11-20","2025-11-26","ذكي"
"دعم محاكم الاستئناف بأجهزة الربط الذكية (SD-WAN)","2025-11-06","https://tenders.etimad.sa/Tender/DetailsForVisitor?STenderId=WHJd49XF8a8%20*@@**raQZ9njDw==","2025-11-16","2025-11-22","ذكي"
"تجهيز البنية التقنية للمبنى الجديد للهيئة العامة للعقار","2025-11-06","https://tenders.etimad.sa/Tender/DetailsForVisitor?STenderId=vrG62*@@**bJ*@@**G*@@**D5zd7y5KEAA==","2025-11-16","2025-12-07","ذكي"
"برنامج الحضور والانصراف للموظفين","2025-11-06","https://tenders.etimad.sa/Tender/DetailsForVisitor?STenderId=Y7VJWIW3fxACBFhCxFZ1kg==","2025-11-12","2025-11-23","ذكي"
"دعم وتطوير مواقع الهيئة ومنصة عيشها 2025","2025-11-03","https://tenders.etimad.sa/Tender/DetailsForVisitor?STenderId=lniVUogRvnyFOHXSRoiNeA==","2025-11-18","2025-12-04","ذكي"
"توريد وتركيب نظام متكامل لعقد الاجتماعات المرئية والتفاعلية","2025-10-30","https://tenders.etimad.sa/Tender/DetailsForVisitor?STenderId=R3ffw38g335GXW*@@**cxv6D5w==","2025-11-05","2025-11-16","ذكي"
"توريد و تركيب وتشغيل الصندوق الذكي","2025-10-29","https://tenders.etimad.sa/Tender/DetailsForVisitor?STenderId=r*@@**Yn5h75CVoORGbopPnXOQ==","2025-11-10","2025-11-16","ذكي"
"ربط الشرطة الدولية ""الإنتربول"" مع القطاعات الأمنية","2025-10-27","https://tenders.etimad.sa/Tender/DetailsForVisitor?STenderId=L2q5Mz9twpo7ePDGCV0j2g==","2025-11-06","2025-11-27","ذكي"
"مشروع تشغيل خدمة المستفيدين وكفاءة الاتصال بوكالة التحول الرقمي والمدن الذكية","2025-10-23","https://tenders.etimad.sa/Tender/DetailsForVisitor?STenderId=ILMqlxaDUgX0KvG7rUnt0g==","2025-11-17","2025-11-23","ذكي"
"تشغيل وصيانة مركز العمليات الذكي IOC والأنظمة التابعة لها والاعمدة الذكية في الهيئة الملكية","2025-10-23","https://tenders.etimad.sa/Tender/DetailsForVisitor?STenderId=fJ*@@**c3FZ75b1iN*@@**49iTlRDw==","2025-11-13","2025-11-25","ذكي"
"نظام التزامن الشبكي للوقت","2025-10-16","https://tenders.etimad.sa/Tender/DetailsForVisitor?STenderId=hGk6I1a3BU4BA4P%20PZQdVw==","2025-11-01","2025-11-02","ذكي"
"مشروع الإبتكار الرقمي في المعارض الرقمية","2025-10-15","https://tenders.etimad.sa/Tender/DetailsForVisitor?STenderId=KTARyo1dD5te0wB0D2AMsg==","2025-11-13","2025-11-19","ذكي"
"هاتف ذكي نقال Smart Mobile Phone حسب المواصفات المرفقة","2025-10-13","https://tenders.etimad.sa/Tender/DetailsForVisitor?STenderId=fFGKP74xooZ0OCcRgQ%20bHw==","2025-10-20","2025-10-22","ذكي"
"توريد أجهزة مكبر صوت ذكية مخصصة للاجتماعات الافتراضية","2025-10-12","https://tenders.etimad.sa/Tender/DetailsForVisitor?STenderId=u7T44*@@**Xno8PfE3L0HTrtgQ==","2025-10-17","2025-10-19","ذكي"
"توريد و تركيب مركز الأبحاث الذكية للأنظمة الذكية و السيبرانية بجامعة بيشة","2025-10-09","https://tenders.etimad.sa/Tender/DetailsForVisitor?STenderId=bv7qub6ePgtRz0yMSJXasg==","2025-10-21","2025-10-26","ذكي"
"توريد وتركيب كابينة بيانات ذكية مع أنظمة الطاقة والتبريد والمراقبة","2025-10-09","https://tenders.etimad.sa/Tender/DetailsForVisitor?STenderId=9UPGecEEszZ5bjr7*@@**J4WUg==","2025-10-16","2025-10-26","ذكي"
"تطوير القاعات الدراسية الذكية","2025-10-09","https://tenders.etimad.sa/Tender/DetailsForVisitor?STenderId=iD5lxr8pTq2d1AwfgWEUlw==","2025-10-30","2025-11-11","ذكي"
"تطوير المساعد الرقمى بشرى باستخدام تقنيات الذكاء الاصطناعى","2025-10-08","https://tenders.etimad.sa/Tender/DetailsForVisitor?STenderId=mraaNKNbFrwkPsTcpLN3bw==","2025-10-15","2025-10-27","ذكي"
"الخدمات المدارة للموقع الالكتروني وتطبيقات الاجهزة الذكية للاذاعات السعودية (SAUDI RADIO PLUS)","2025-10-07","https://tenders.etimad.sa/Tender/DetailsForVisitor?STenderId=WTqe9mBnBiN1SUTP3Ckysw==","2025-10-23","2025-10-30","ذكي"
"دعم وتطوير الأنظمة الرقمية والذكية","2025-10-07","https://tenders.etimad.sa/Tender/DetailsForVisitor?STenderId=KNcIFWIfeP*@@**m0K56buSA2g==","2025-10-27","2025-11-10","ذكي"
"بناء وتشغيل مركز تحليل البيانات ودعم اتخاذ القرار","2025-10-07","https://tenders.etimad.sa/Tender/DetailsForVisitor?STenderId=zhsKjPxXHWehFqnhKyHtdw==","2025-10-22","2025-11-06","ذكي"
"توريد وتركيب وتشغيل الأجهزة الأمنية لإدارة الإخلاء الطبي الجوي","2025-10-06","https://tenders.etimad.sa/Tender/DetailsForVisitor?STenderId=h7fVmRGoLuRFtcwOyxScSg==","2025-10-26","2025-10-29","ذكي"
"توريد وتشغيل نظام إدارة معلومات الأمان والأحداث SIEM","2025-10-05","https://tenders.etimad.sa/Tender/DetailsForVisitor?STenderId=FDY8eUd5%20lMYOM3x*@@**TnpSw==","2025-10-15","2025-11-03","ذكي"
"طلب تأمين عدد (3) اقفال باب ذكي حسب المواصفات المرفقة","2025-10-02","https://tenders.etimad.sa/Tender/DetailsForVisitor?STenderId=4eWn4uoyVQr*@@**iJuvZpNxWQ==","2025-10-05","2025-10-07","ذكي"
"MH توريد مواد او قطع غيار او ادوات خاصة بالصيانة . UX60 smart board projector lamp complete assembly ...","2025-10-01","https://tenders.etimad.sa/Tender/DetailsForVisitor?STenderId=XhlTFgIZk3KTOciU1uQHwQ==","2025-10-02","2025-10-05","ذكي"
"الدعم والصيانة لنظام حماية المواليد","2025-09-30","https://tenders.etimad.sa/Tender/DetailsForVisitor?STenderId=d6KgbhCZCNxCiSezAfFnBw==","2025-10-10","2025-10-16","ذكي"
"عمل تحسين وتطوير قاعة الاجتماعات الذكية لرئاسة جامعة الدفاع الوطني","2025-09-29","https://tenders.etimad.sa/Tender/DetailsForVisitor?STenderId=dAIo9MaRJJSseZB*@@**8gdvLg==","2025-10-18","2025-10-21","ذكي"
"مشروع تشغيل خدمات مكتب المشاريع بوكالة التحول الرقمي والمدن الذكية","2025-09-28","https://tenders.etimad.sa/Tender/DetailsForVisitor?STenderId=ydZI*@@**nQJeVnqY86lR5k%20KA==","2025-11-09","2025-11-19","ذكي"
"منافسة مشروع لإنشاء وتطوير وتصميم حلول ذكية وتجهيز البنية التحتية لها لجامعة الملك سعود بن عبدالعزيز ...","2025-09-22","https://tenders.etimad.sa/Tender/DetailsForVisitor?STenderId=5Dn2PC%20idhpQJs1Op*@@**kb0A==","2025-10-02","2025-10-08","ذكي"
"بوابة تحليل البيانات الذكية لأعمال الحج والعمرة","2025-09-20","https://tenders.etimad.sa/Tender/DetailsForVisitor?STenderId=bxld0BIxEODoKcshmKNOsA==","2025-10-06","2025-10-13","ذكي"
"تشغيل خدمات رصد المجالات الذكية بأمانة حفر الباطن","2025-09-16","https://tenders.etimad.sa/Tender/DetailsForVisitor?STenderId=8AzqBGejWTGCrF*@@**nbQQKrQ==","2025-09-26","2025-10-02","ذكي"
"توريد دولاب حديد درفتين بقفل ذكي ضد الحريق لميناء جدة الإسلامي","2025-09-15","https://tenders.etimad.sa/Tender/DetailsForVisitor?STenderId=akmwTTVgDmf8hJpTS5cMeg==","2025-09-20","2025-09-22","ذكي"
"صيانة الأجهزة والوسائل التدريبية والتقنية","2025-09-14","https://tenders.etimad.sa/Tender/DetailsForVisitor?STenderId=mR6nu79HWTpf9OcGSy9zyg==","2025-09-24","2025-09-30","ذكي"
"مشروع توحيد الأعمال في منظومة التنمية","2025-09-11","https://tenders.etimad.sa/Tender/DetailsForVisitor?STenderId=YIX3KsSwRFQvfFSeTuh2ug==","2025-09-30","2025-10-09","ذكي"
"مشروع تجديد الدعم الفني وتجديد رخص تطبيق ومنصة آمرني في وزارة النقل والخدمات اللوجستية – المرحلة الث ...","2025-09-11","https://tenders.etimad.sa/Tender/DetailsForVisitor?STenderId=MypZyFMNFl2uK49fMIbVyw==","2025-09-21","2025-09-30","ذكي"
"مشروع تنفيذ وتطوير منصة أتمتة الابتكار والأبحاث الذكية","2025-09-10","https://tenders.etimad.sa/Tender/DetailsForVisitor?STenderId=*@@**Py2Yzdyh%20XW*@@**guA0Bpxdw==","2025-09-29","2025-09-30","ذكي"
"صيانة نظام المراقبة الذكية للواجهة البحرية ببلدية الساحل","2025-09-10","https://tenders.etimad.sa/Tender/DetailsForVisitor?STenderId=1y0mnzRfcj*@@**A5F3CFkbZuA==","2025-09-20","2025-09-26","ذكي"
"مركز الاتصال المرحلة الثالثة","2025-09-09","https://tenders.etimad.sa/Tender/DetailsForVisitor?STenderId=%20CX2vGHpJZCCB0d2vB96KQ==","2025-11-12","2025-11-25","ذكي"
"لنبقى متصلين","2025-09-09","https://tenders.etimad.sa/Tender/DetailsForVisitor?STenderId=WzApQG40PbflCtlMkuO55w==","2025-09-19","2025-09-25","ذكي"
"شراء حقوق استخدام شعار أفضل المستشفيات الذكية في العالم لعام 2026 ليتم استخدامها من قبل الشؤون الصحي ...","2025-09-08","https://tenders.etimad.sa/Tender/DetailsForVisitor?STenderId=N9u5YYTID2NHgTWYTbOJgg==","2025-09-09","2025-09-11","ذكي"
"تجديد نظام الحضور والانصراف","2025-09-07","https://tenders.etimad.sa/Tender/DetailsForVisitor?STenderId=c5zzJZK6H%20UkggI4eO130w==","2025-09-12","2025-09-23","ذكي"
"تأمين البرامج التقنية لفحص الأجهزة الذكية لهذه المديرية","2025-09-03","https://tenders.etimad.sa/Tender/DetailsForVisitor?STenderId=XuNczSxPXbXL5l11n8s1lg==","2025-10-07","2025-10-12","ذكي"
"تأمين مذكرات ذكية","2025-08-28","https://tenders.etimad.sa/Tender/DetailsForVisitor?STenderId=hN9t7ygrVStTWZ3cHka0Bw==","2025-09-04","2025-09-07","ذكي"
"تشغيل مركز الاتصال والقنوات الرقمية","2025-08-27","https://tenders.etimad.sa/Tender/DetailsForVisitor?STenderId=OsBGGxetD%207wDy3jD8th9w==","2025-09-17","2025-09-27","ذكي"
"منافسة تحديث أنظمة إنذار الحريق الحالي إلى نظام حديث متطور بمستشفى الملك عبدالعزيز بالأحساء التابع ل ...","2025-08-27","https://tenders.etimad.sa/Tender/DetailsForVisitor?STenderId=DmUOOgSbhfcennwrxnl%202Q==","2025-09-11","2025-10-06","ذكي"
"تطبيق التقنيات الناشئة لعام 2025","2025-08-27","https://tenders.etimad.sa/Tender/DetailsForVisitor?STenderId=9vHwFWk75bDFyR9CR1Ul3w==","2025-09-10","2025-09-14","ذكي"
"عقد النظافة – (تشغيل منظومة ذكية لإدارة عقود الأداء لمشاريع إدارة النفايات والاصحاح البيئي)","2025-08-26","https://tenders.etimad.sa/Tender/DetailsForVisitor?STenderId=YYiwsAu5Hf39viLD3XSc7Q==","2025-09-05","2025-09-28","ذكي"
"تطبيق المسار الذكي بعدد من المنافذ الجوية","2025-08-25","https://tenders.etimad.sa/Tender/DetailsForVisitor?STenderId=WpaXQXdChgJ5dQEFpIcOXw==","2025-10-06","2025-10-13","ذكي"
"توريد وتركيب نظام تخطيط الموارد ذكي ومتكامل","2025-08-25","https://tenders.etimad.sa/Tender/DetailsForVisitor?STenderId=u1dyVQj5NKPhUo8seTzrQg==","2025-10-28","2025-11-11","ذكي"
"تأمين نظام رقمي متكامل لأدارة اجتماعات مجالس اللجان","2025-08-24","https://tenders.etimad.sa/Tender/DetailsForVisitor?STenderId=h%20UG7ec8mXPPHtgBYaT8kw==","2025-09-01","2025-09-17","ذكي"
"تطوير تطبيق جوال لخدمات المستفيدين","2025-08-20","https://tenders.etimad.sa/Tender/DetailsForVisitor?STenderId=dr*@@**fvAuKeFN0K%200DWVzzLQ==","2025-08-30","2025-09-08","ذكي"
"استخدام Video analytics المبني على الذكاء الاصطناعي لإدارة الأداء بعدد من المنافذ الجوية","2025-08-20","https://tenders.etimad.sa/Tender/DetailsForVisitor?STenderId=xIkagVBn76OScP45%20QsJFg==","2025-08-30","2025-09-23","ذكي"
"تأمين خزائن ذكية بجامعة الملك خالد","2025-08-20","https://tenders.etimad.sa/Tender/DetailsForVisitor?STenderId=CMaJiKzVj2SID1VbN9ffbA==","2025-08-30","2025-09-09","ذكي"
"اتفاقية اطارية لتقديم خدمة نقل منسوبي الصندوق الصناعي من خلال تطبيقات خدمات التوصيل على الهواتف الذك ...","2025-08-20","https://tenders.etimad.sa/Tender/DetailsForVisitor?STenderId=oP37tpJci*@@**RB6gzXILSB7g==","2025-08-30","2025-09-07","ذكي"
"توريد وتركيب وتشغيل الكبائن الذكية لتطبيق الاختبارات","2025-08-19","https://tenders.etimad.sa/Tender/DetailsForVisitor?STenderId=iODJCRskGimIwU8XW1KnVw==","2025-09-28","2025-10-02","ذكي"
"مبادرة مركز دعم الأعمال والتشغيل الطبي","2025-08-17","https://tenders.etimad.sa/Tender/DetailsForVisitor?STenderId=DpuIxlOKjhS9sMlT%205vuQg==","2025-09-18","2025-09-24","ذكي"
"توريد و تركيب شاشة LED الذكية لغرفة مؤتمرات الأمراض الجلدية بالعيادات الخارجية بمدينة الملك عبد العز ...","2025-08-17","https://tenders.etimad.sa/Tender/DetailsForVisitor?STenderId=elxTkVQ0lCixqUlCEfJn8A==","2025-08-28","2025-08-28","ذكي"
"توريد أجهزة لمركز التميز البحثي في الأنظمة الهندسية الذكية","2025-08-17","https://tenders.etimad.sa/Tender/DetailsForVisitor?STenderId=4GYmswn8nxAJlESAn1Dblg==","2025-08-27","2025-09-04","ذكي"
"تامين كراسي وطاولة اجتماعات وسبورة ذكية بمدينة الرياض","2025-08-14","https://tenders.etimad.sa/Tender/DetailsForVisitor?STenderId=ihZTsugDa5rkuQHdSdwyPg==","2025-08-17","2025-08-20","ذكي"
"تطوير المنصة والتطبيق الذكي لزوار اجتماع المنظمة العالمية للسياحة","2025-08-13","https://tenders.etimad.sa/Tender/DetailsForVisitor?STenderId=GzTi7ZUtHmkzf6apGe4kJA==","2025-08-24","2025-09-14","ذكي"
"مشروع تجديد رخص نظام المخاطر وتنفيذ أدوات مالية","2025-08-12","https://tenders.etimad.sa/Tender/DetailsForVisitor?STenderId=ZmgmCpV1cb9dZ3LoO5MSfw==","2025-09-01","2025-09-07","ذكي"
"2340077 - FS - 18 bags for home healthcare-KASCH nurses and team to carry the necessary items and ma ...","2025-11-11","https://tenders.etimad.sa/Tender/DetailsForVisitor?STenderId=lDhTAlaBaA28XBOB2wpdJg==","2025-11-13","2025-11-16","health"
"MK- منافسة توريد بنود طبية- 2336542- supply of elevator spare parts for women health hospital/ توريد ...","2025-11-04","https://tenders.etimad.sa/Tender/DetailsForVisitor?STenderId=LocygYE8ec1y5KtK9k7l%20A==","2025-11-08","2025-11-10","health"
"2331503 - AN - SPARE PARTS FOR WOMEN HEALTH HOSPITAL","2025-10-21","https://tenders.etimad.sa/Tender/DetailsForVisitor?STenderId=djBxVzU6*@@**u1qvuXq2J37KA==","2025-10-28","2025-10-30","health"
"MH توريد مواد او قطع غيار او ادوات خاصة بالصيانة . SPARE PARTS OF ELECTROCARDIOGRAPHS, قطع غيار تخطي ...","2025-10-19","https://tenders.etimad.sa/Tender/DetailsForVisitor?STenderId=%20NZuHlqN14ltTXhDze79mQ==","2025-10-20","2025-10-24","health"
"MH توريد مواد او قطع غيار او ادوات خاصة بالصيانة spare parts for Women health hospital","2025-10-07","https://tenders.etimad.sa/Tender/DetailsForVisitor?STenderId=Ef%20EbQOawNPrCPhak8DAnw==","2025-10-08","2025-10-13","health"
"AO - 2295804 - 18 bags for home healthcare-KASCH nurses and team to carry the necessary items and ma ...","2025-09-15","https://tenders.etimad.sa/Tender/DetailsForVisitor?STenderId=YYhMvc8dfzUa01xsNAgECQ==","2025-09-19","2025-09-21","health"
"J-RT-REQUIRED SPARE PART, USED FOR SCALES, DIAPERS (HEALTH O METER INC), MODEL: 3400KL, S/N: 3400002 ...","2025-09-02","https://tenders.etimad.sa/Tender/DetailsForVisitor?STenderId=pcIiuVInwMcY91bGxtXONA==","2025-10-29","2025-10-29","health"
"MH توريد مواد او قطع غيار او ادوات خاصة بالصيانةv SPARE PARTS OF FORCED-AIR PATIENT WARMING UNIT, M ...","2025-08-21","https://tenders.etimad.sa/Tender/DetailsForVisitor?STenderId=taxSDPXXiB%20t8ky3UC8Lbw==","2025-09-07","2025-09-08","health"
"MH توريد مواد او قطع غيار او ادوات خاصة بالصيانة . WOMEN HEALTH HOSPITAL","2025-08-20","https://tenders.etimad.sa/Tender/DetailsForVisitor?STenderId=f5stYySsJLzygUrazSN3DA==","2025-08-25","2025-08-27","health"
"المساعدة الفنية لتنفيذ AR-DRG في سوق التأمين الصحي الخاص السعودي","2025-08-11","https://tenders.etimad.sa/Tender/DetailsForVisitor?STenderId=WSUkU*@@**HpMTyzDELZvoIOLA==","2025-08-28","2025-09-24","health"
"-MA-Civil Materials for School Toilet Renovation at MC1 (WR-25-123)- JR700917","2025-09-04","https://tenders.etimad.sa/Tender/DetailsForVisitor?STenderId=dzc1g37wTyOvluYLqWWVfQ==","2025-09-07","2025-09-09","school"
"J-RT-plumbing materials for proposed MC1/ school toilet renovation ( WR-25-123 )-JR701326","2025-08-29","https://tenders.etimad.sa/Tender/DetailsForVisitor?STenderId=P1RFut6GD2QhD6esmGb34A==","2025-09-03","2025-09-05","school"
"BZ - توريد مقص مدرسي مطلي بالنيكل ومصقول بطرف دائري SCISSOR SCHOOL NICKEL PLATED AND POLISHED ROUN ...","2025-08-26","https://tenders.etimad.sa/Tender/DetailsForVisitor?STenderId=Cu%20zdG3ynfbepHfl4X1RQA==","2025-08-27","2025-08-29","school"
"T. ASA (5270) GUIDEWIRE ROAD RUNNER STIFF BODY 0.35 x 145 x 8CM STRAIGHT TIP","2025-09-16","https://tenders.etimad.sa/Tender/DetailsForVisitor?STenderId=z5cmnXNOpZDnIux*@@**V3JRBg==","2025-09-18","2025-09-20","road"
"اصلاح وصيانة ودهان حواجز حديدية تابعة لإدارة مرور منطقة حائل","2025-11-11","https://tenders.etimad.sa/Tender/DetailsForVisitor?STenderId=R1fd7P7e%20j5zKV1z8%20Bo7w==","2025-11-15","2025-11-17","مرور"
"تقديم خدمة تنظيف شبكات الصرف الصحي بمستشفى الأمير محمد بن عبدالعزيز ومركز الرعاية الصحية الأولية بال ...","2025-11-10","https://tenders.etimad.sa/Tender/DetailsForVisitor?STenderId=k*@@**J7TWQKm4fnv2aeTMO1mg==","2025-11-20","2025-12-01","مرور"
"مشروع تأهيل وتطوير ممرات عبور مشاة ذكية لرفع كفاءة السلامة المرورية بمدينة سكاكا","2025-11-10","https://tenders.etimad.sa/Tender/DetailsForVisitor?STenderId=GBxhEVWJ4l2pKagTmZqZbA==","2025-11-20","2025-11-26","مرور"
"تامين وتركيب وإصلاح وصيانة عدد (63) آلات تصوير لإدارة مرور منطقة حائل","2025-11-09","https://tenders.etimad.sa/Tender/DetailsForVisitor?STenderId=MwjElX09Mu2OZYmG1opdTg==","2025-11-13","2025-11-15","مرور"
"توريد وتركيب حواجز معدنية للمصارف بالطرق الزراعية لعدد من المواقع التابعة للمؤسسة العامة للري بمحافظ ...","2025-11-05","https://tenders.etimad.sa/Tender/DetailsForVisitor?STenderId=aY*@@**fzIXXSZ*@@**HntOg5z9kXA==","2025-11-15","2025-11-21","مرور"
"دعم وتطوير مواقع الهيئة ومنصة عيشها 2025","2025-11-03","https://tenders.etimad.sa/Tender/DetailsForVisitor?STenderId=lniVUogRvnyFOHXSRoiNeA==","2025-11-18","2025-12-04","مرور"
"تامين وتركيب وإصلاح وصيانة عدد (35) آلات تصوير لإدارة مرور محافظة جدة","2025-11-02","https://tenders.etimad.sa/Tender/DetailsForVisitor?STenderId=VVFYDBrQDeoXiH441fow5A==","2025-11-06","2025-11-08","مرور"
"إعلان في صحيفة عن بيع مركبات ودراجات محجوزة بإدارة مرور منطقة عسير","2025-11-02","https://tenders.etimad.sa/Tender/DetailsForVisitor?STenderId=vlvWMzpBTqXWLwDIwY8ysQ==","2025-11-06","2025-11-08","مرور"
"إعلان في صحيفة عن بيع مركبات محجوزة بإدارة مرور منطقة الشرقية (الظهران)","2025-10-29","https://tenders.etimad.sa/Tender/DetailsForVisitor?STenderId=HDwT1msft202z%20LtBoUQnw==","2025-11-11","2025-11-12","مرور"
"تأمين وتركيب وإصلاح وصيانة عدد (1) سيارة لإدارة مرور منطقة تبوك","2025-10-27","https://tenders.etimad.sa/Tender/DetailsForVisitor?STenderId=R1Jxt7A%20S315O4pSo45nag==","2025-10-31","2025-11-02","مرور"
"إعلان في صحيفة عن بيع مركبات محجوزة بإدارة مرور منطقة المدينة المنورة (العيص)","2025-10-27","https://tenders.etimad.sa/Tender/DetailsForVisitor?STenderId=QvRArVj4O0vV93Og7KpsNA==","2025-11-11","2025-11-12","مرور"
"ربط الشرطة الدولية ""الإنتربول"" مع القطاعات الأمنية","2025-10-27","https://tenders.etimad.sa/Tender/DetailsForVisitor?STenderId=L2q5Mz9twpo7ePDGCV0j2g==","2025-11-06","2025-11-27","مرور"
"تنفيذ وإطلاق حملة إعلامية توعوية","2025-10-26","https://tenders.etimad.sa/Tender/DetailsForVisitor?STenderId=XTbnZfoBLRU*@@**ehRxFoa4cQ==","2025-11-05","2025-11-11","مرور"
"تأمين وتركيب وإصلاح وصيانة عدد (4) سيارة لإدارة مرور منطقة الرياض","2025-10-21","https://tenders.etimad.sa/Tender/DetailsForVisitor?STenderId=lQYqN*@@**ptFCIff8YeLANWJw==","2025-10-25","2025-10-27","مرور"
"تأمين وتركيب وإصلاح وصيانة عدد (1) سيارة لإدارة مرور محافظة الطائف","2025-10-21","https://tenders.etimad.sa/Tender/DetailsForVisitor?STenderId=glzSMUGxIoXDSzErcW*@@**cLw==","2025-11-04","2025-11-05","مرور"
"تأمين وتركيب وإصلاح وصيانة عدد (1) سيارة لإدارة مرور منطقة عسير","2025-10-21","https://tenders.etimad.sa/Tender/DetailsForVisitor?STenderId=we5ilEdLWhq*@@**gqGslE7LQw==","2025-10-25","2025-10-27","مرور"
"تأمين وتركيب وإصلاح وصيانة عدد (1) سيارة لإدارة مرور منطقة جازان","2025-10-21","https://tenders.etimad.sa/Tender/DetailsForVisitor?STenderId=OeJ*@@**bXS3JZrohU2cliLkkA==","2025-10-25","2025-10-27","مرور"
"تأمين وتركيب وإصلاح وصيانة عدد (2) سيارة لإدارة مرور منطقة حائل","2025-10-21","https://tenders.etimad.sa/Tender/DetailsForVisitor?STenderId=iLYNwz2v6ABk3UblOPdmDw==","2025-11-05","2025-11-06","مرور"
"مشروع توريد وتنفيذ دهانات مرورية بمحافظة البدائع","2025-10-21","https://tenders.etimad.sa/Tender/DetailsForVisitor?STenderId=FxhYFEiKeiIRDEzBgqeYog==","2025-10-24","2025-11-09","مرور"
"صيانة وتأمين قطع غيار لمركبة رسمية متعرضة لحادث مروري لإدارة دوريات الأمن بمنطقة تبوك","2025-10-20","https://tenders.etimad.sa/Tender/DetailsForVisitor?STenderId=72iAsyeKUWmFPqWPbR6HFw==","2025-11-02","2025-11-02","مرور"
"مشروع البوابة المعرفية لمدة 3 سنوات","2025-10-20","https://tenders.etimad.sa/Tender/DetailsForVisitor?STenderId=kPFA080XuCg*@@**nUEuVVouGw==","2025-10-30","2025-11-05","مرور"
"إقامة حفل بمناسبة مرور (25) عاماً على تخرج أول دفعه من الأطباء في تاريخ (2025/11/16)","2025-10-19","https://tenders.etimad.sa/Tender/DetailsForVisitor?STenderId=rUkyuj3C9nSmKeHxnO7bqQ==","2025-10-23","2025-10-25","مرور"
"تأمين وتركيب وإصلاح وصيانة عدد (6) سيارة لإدارة مرور منطقة الرياض","2025-10-19","https://tenders.etimad.sa/Tender/DetailsForVisitor?STenderId=5DnpZqYXdRUX7pJH7UHUtg==","2025-10-23","2025-10-25","مرور"
"توريد قطع غيار وإصلاح مركبات نتيجة حوادث مرورية لعدد (1) مركبة تابعة للأمن العام/شرطة منطقة الرياض","2025-10-16","https://tenders.etimad.sa/Tender/DetailsForVisitor?STenderId=osEczcU%20pMIiil9c%20VvkfQ==","2025-10-19","2025-10-25","مرور"
"صيانة وتأمين قطع غيار لمركبة رسمية متعرضة لحادث مروري تابعة لإدارة دوريات الأمن بمنطقة نجران","2025-10-16","https://tenders.etimad.sa/Tender/DetailsForVisitor?STenderId=jEKWwf1yL0cX4ROnn4653A==","2025-11-02","2025-11-02","مرور"
"صيانة وتامين قطع غيار لمركبات رسمية متعرضة لحوادث مرورية تابعة لإدارة دوريات الامن بمنطقة جازان","2025-10-16","https://tenders.etimad.sa/Tender/DetailsForVisitor?STenderId=EGEIGgUPdzKZmHjAeUU19w==","2025-10-17","2025-10-19","مرور"
"صيانة وتامين قطع غيار لمركبات رسمية متعرضة لحوادث مرورية تابعة لإدارة دوريات الامن بمنطقة الرياض","2025-10-15","https://tenders.etimad.sa/Tender/DetailsForVisitor?STenderId=iVq8d2rCJLA9JqfmfPRelw==","2025-10-16","2025-10-18","مرور"
"صيانة وتأمين قطع غيار لمركبة رسمية متعرضة لحادث مروري تابعة لإدارة دوريات الأمن بمنطقة الحدود الشمال ...","2025-10-14","https://tenders.etimad.sa/Tender/DetailsForVisitor?STenderId=wVxX7LGAERwLEQHFCENCnw==","2025-10-22","2025-10-22","مرور"
"تأمين وتركيب وإصلاح وصيانة عدد (6) سيارة لإدارة مرور منطقة الرياض","2025-10-14","https://tenders.etimad.sa/Tender/DetailsForVisitor?STenderId=nzpwoGPoXlRXfPsi9FahnA==","2025-10-18","2025-10-20","مرور"
"تأمين وتركيب وإصلاح وصيانة عدد (7) سيارة لإدارة مرور منطقة الرياض","2025-10-14","https://tenders.etimad.sa/Tender/DetailsForVisitor?STenderId=PZ0rgWRsV%20TO*@@**44AruColQ==","2025-10-18","2025-10-20","مرور"
"تأمين وتركيب وإصلاح وصيانة عدد (1) دراجة لإدارة مرور منطقة الباحة","2025-10-14","https://tenders.etimad.sa/Tender/DetailsForVisitor?STenderId=RJOzHHzhQA3%20f2Gw2r4IAA==","2025-10-18","2025-10-20","مرور"
"صيانة وتأهيل الجزيرة الوسطية لطريق المطار","2025-10-13","https://tenders.etimad.sa/Tender/DetailsForVisitor?STenderId=hk*@@**7tpyg4iQ5NHUJro*@@**zmw==","2025-10-23","2025-10-29","مرور"
"تأمين وتركيب وإصلاح وصيانة عدد (5) سيارة لإدارة مرور منطقة الباحة","2025-10-12","https://tenders.etimad.sa/Tender/DetailsForVisitor?STenderId=lS71JOHWdKcSXS8lQPGiXQ==","2025-10-16","2025-10-18","مرور"
"تأمين وتركيب وإصلاح وصيانة عدد (6) سيارة لإدارة مرور منطقة نجران","2025-10-12","https://tenders.etimad.sa/Tender/DetailsForVisitor?STenderId=KKMC7QYEdpBMyZgcBJVGVw==","2025-10-16","2025-10-18","مرور"
"صيانة وتأمين قطع غيار لمركبة رسمية متعرضة لحادث مروري لإدارة دوريات الأمن بمنطقة تبوك","2025-10-08","https://tenders.etimad.sa/Tender/DetailsForVisitor?STenderId=DFyoCgSgvx5ncY*@@**iVyzaDQ==","2025-10-09","2025-10-11","مرور"
"صيانة وتأمين قطع غيار لمركبة رسمية متعرضة لحادث مروري تابعة لإدارة دوريات الأمن بمنطقة تبوك","2025-10-08","https://tenders.etimad.sa/Tender/DetailsForVisitor?STenderId=3Epog9gASx3vYC3EHvcRFg==","2025-10-09","2025-10-11","مرور"
"تأمين وتركيب وإصلاح وصيانة عدد (7) سيارة لإدارة مرور منطقة الرياض","2025-10-07","https://tenders.etimad.sa/Tender/DetailsForVisitor?STenderId=r2uLuAemA%20JZ5BP3zBjjGw==","2025-10-11","2025-10-13","مرور"
"صيانة أعمال السلامة المرورية","2025-10-06","https://tenders.etimad.sa/Tender/DetailsForVisitor?STenderId=jLaz%206O0gj9EeTaFKrW%20hQ==","2025-10-20","2025-10-22","مرور"
"تأمين وتركيب وإصلاح وصيانة عدد (2) سيارة لإدارة مرور منطقة القصيم","2025-10-06","https://tenders.etimad.sa/Tender/DetailsForVisitor?STenderId=0yXLdV512abZ67pdY6wO3A==","2025-10-20","2025-10-21","مرور"
"تأمين وتركيب وإصلاح وصيانة عدد (2) سيارة لإدارة مرور منطقة عسير","2025-10-06","https://tenders.etimad.sa/Tender/DetailsForVisitor?STenderId=kIWlrmvckNTceawPDYrTzA==","2025-10-10","2025-10-12","مرور"
"إعلان في صحيفة عن بيع مركبات ودراجات محجوزة بإدارة مرور منطقة جازان","2025-10-06","https://tenders.etimad.sa/Tender/DetailsForVisitor?STenderId=*@@**6CHWinrubt3wtuXJm0mDg==","2025-10-10","2025-10-12","مرور"
"صيانة وتأمين قطع غيار لمركبات رسمية متعرضة لحوادث مرورية تابعة لإدارة دوريات الأمن بمنطقة القصيم","2025-10-03","https://tenders.etimad.sa/Tender/DetailsForVisitor?STenderId=HCuV5wnH5h%20Kz5mlWqXIFg==","2025-11-02","2025-11-02","مرور"
"صيانة وتامين قطع غيار لمركبات رسمية متعرضة لحوادث مروريه تابعة لإدارة دوريات الامن بمنطقة المدينة ال ...","2025-10-03","https://tenders.etimad.sa/Tender/DetailsForVisitor?STenderId=oQuyuXryqWm*@@**CSal2%20Yx2w==","2025-10-30","2025-10-30","مرور"
"اصلاح حادث مروري 3 (GS25620032)","2025-10-02","https://tenders.etimad.sa/Tender/DetailsForVisitor?STenderId=LP5oK0Z%20DiriqeEs8jFwvg==","2025-10-04","2025-10-06","مرور"
"صيانة وتأمين قطع غيار لمركبات رسمية متعرضة لحوادث مرورية تابعة لإدارة دوريات الأمن بمنطقة تبوك","2025-10-02","https://tenders.etimad.sa/Tender/DetailsForVisitor?STenderId=jhhgIiz05qXTdoLL3eQIsA==","2025-10-12","2025-10-12","مرور"
"صيانة وتأمين قطع غيار لمركبات رسمية متعرضة لحوادث مرورية تابعة لإدارة دوريات الأمن بمحافظة جدة","2025-10-02","https://tenders.etimad.sa/Tender/DetailsForVisitor?STenderId=Gyu20lI2aXSI8cK%2002eBEQ==","2025-10-03","2025-10-05","مرور"
"توريد قطع غيار الإشارات المرورية (إعادة طرح)","2025-10-01","https://tenders.etimad.sa/Tender/DetailsForVisitor?STenderId=6fpuOlIiMA8KZ*@@**FiABC46Q==","2025-10-13","2025-10-22","مرور"
"تأمين وتركيب وإصلاح وصيانة عدد (4) سيارة لإدارة مرور منطقة الشرقية","2025-09-30","https://tenders.etimad.sa/Tender/DetailsForVisitor?STenderId=BLI1n7PqbVqNdm6Hk7DuGA==","2025-10-14","2025-10-15","مرور"
"تأمين وتركيب وإصلاح وصيانة عدد [5] سيارة لإدارة مرور العاصمة المقدسة","2025-09-30","https://tenders.etimad.sa/Tender/DetailsForVisitor?STenderId=vl*@@**zZPKJX1Dnta6J8jmr0A==","2025-10-14","2025-10-15","مرور"
"صيانة وتأمين قطع غيار لمركبات رسمية متعرضة لحوادث مرورية تابعة لإدارة دوريات الأمن بمنطقة الرياض","2025-09-30","https://tenders.etimad.sa/Tender/DetailsForVisitor?STenderId=i15IPBzjppYlmjzOqACyWg==","2025-10-01","2025-10-03","مرور"
"صيانة وتأمين قطع غيار لمركبات رسمية متعرضة لحوادث مرورية تابعة لإدارة دوريات الأمن بمنطقة الباحة","2025-09-29","https://tenders.etimad.sa/Tender/DetailsForVisitor?STenderId=mVPWaRdTZEFmtJTo4xlY%20g==","2025-10-06","2025-10-06","مرور"
"صيانة وتأمين قطع غيار لمركبة رسمية متعرضة لحادث مروري تابعة لإدارة دوريات الأمن بمنطقة الحدود الشمال ...","2025-09-29","https://tenders.etimad.sa/Tender/DetailsForVisitor?STenderId=qgGWKJOnySj5AZhIZU3NoA==","2025-10-06","2025-10-06","مرور"
"صيانة وتأمين قطع غيار لمركبات رسمية متعرضة لحوادث مرورية تابعة لإدارة دوريات الأمن بمنطقة الرياض","2025-09-29","https://tenders.etimad.sa/Tender/DetailsForVisitor?STenderId=hb0272opidSz%20DDjfhzqUw==","2025-09-30","2025-10-02","مرور"
"توريد قطع غيار وإصلاح مركبات نتيجة حوادث مرورية لعدد (3) مركبات تابعة للأمن العام/شرطة منطقة الرياض","2025-09-29","https://tenders.etimad.sa/Tender/DetailsForVisitor?STenderId=9IfZO51bOGOyr842bf5KcQ==","2025-10-02","2025-10-08","مرور"
"صيانة وتأمين قطع غيار لمركبة رسمية متعرضة لحادث مروري تابعة لإدارة دوريات الأمن بمنطقة الجوف","2025-09-29","https://tenders.etimad.sa/Tender/DetailsForVisitor?STenderId=6E4pafWb%20V5YvE%20K9BYEfQ==","2025-10-06","2025-10-06","مرور"
"صيانة وتأمين قطع غيار لمركبات رسمية متعرضة لحوادث مرورية تابعة لإدارة دوريات الأمن بمنطقة الرياض","2025-09-29","https://tenders.etimad.sa/Tender/DetailsForVisitor?STenderId=TSW3YZcC9L6*@@**wnQUGCqHPg==","2025-09-30","2025-10-02","مرور"
"توريد قطع غيار وإصلاح مركبات نتيجة حوادث مرورية لعدد (مركبتين) تابعة للأمن العام/شرطة منطقة الرياض","2025-09-28","https://tenders.etimad.sa/Tender/DetailsForVisitor?STenderId=6mmSAoZimJIP%202gNskRNjA==","2025-10-06","2025-10-08","مرور"
"توريد قطع غيار وإصلاح مركبات نتيجة حوادث مرورية لعدد (4) مركبات تابعة للأمن العام/شرطة منطقة الرياض","2025-09-25","https://tenders.etimad.sa/Tender/DetailsForVisitor?STenderId=Fo2dNtSOtSE5iDTvIXF77w==","2025-10-03","2025-10-05","مرور"
"تأمين وتركيب وإصلاح وصيانة عدد (6) سيارة لإدارة مرور محافظة جدة","2025-09-25","https://tenders.etimad.sa/Tender/DetailsForVisitor?STenderId=wb6PNnpaHF4Wq6hFpNYhZg==","2025-09-29","2025-10-01","مرور"
"تأمين وتركيب وإصلاح وصيانة عدد (5) سيارة لإدارة مرور محافظة جدة","2025-09-25","https://tenders.etimad.sa/Tender/DetailsForVisitor?STenderId=xUX1APnif6ABqvkrl3uVnw==","2025-09-29","2025-10-01","مرور"
"تأمين وتركيب وإصلاح وصيانة عدد (1) سيارة لإدارة مرور منطقة الرياض","2025-09-25","https://tenders.etimad.sa/Tender/DetailsForVisitor?STenderId=VrdLV8YAKM9rurFBi1ZFOw==","2025-09-29","2025-10-01","مرور"
"تأمين وتركيب وإصلاح وصيانة عدد (2) سيارة لإدارة مرور منطقة حائل","2025-09-25","https://tenders.etimad.sa/Tender/DetailsForVisitor?STenderId=rMjx3h2CbhOv0keKgw8BSA==","2025-09-29","2025-10-01","مرور"
"صيانة وتأمين قطع غيار لمركبات رسمية متعرضة لحوادث مرورية تابعة لإدارة دوريات الأمن بمنطقة الرياض","2025-09-25","https://tenders.etimad.sa/Tender/DetailsForVisitor?STenderId=d3pZOmWqdi4gDkqmNWpMdQ==","2025-09-26","2025-09-28","مرور"
"بشأن اصلاح وتأمين وتركيب قطع غيار سيارة نوع فورد تورس موديل 2018 لوحة 3345 (حادث مروري)","2025-09-25","https://tenders.etimad.sa/Tender/DetailsForVisitor?STenderId=xbVE%20Q3mC*@@**RiP*@@**Wj3ZpDUA==","2025-09-28","2025-09-30","مرور"
"بشأن اصلاح وتأمين وتركيب قطع غيار سيارة نوع تويوتا كورولا موديل 2016 لوحة 6870 (حادث مروري)","2025-09-25","https://tenders.etimad.sa/Tender/DetailsForVisitor?STenderId=vCpLKo4B4AHF31VGF9Ckng==","2025-09-28","2025-09-30","مرور"
"إعلان عن بيع مركبات ودراجات نارية محجوزة بإدارة مرور منطقة المدينة المنورة (محافظة خيبر)","2025-09-22","https://tenders.etimad.sa/Tender/DetailsForVisitor?STenderId=58dqZrUkVJVihbOoe4zZ*@@**Q==","2025-09-26","2025-09-28","مرور"
"اصلاح وصيانة الة فرم اللوحات لإدارة مرور محافظة الطائف","2025-09-22","https://tenders.etimad.sa/Tender/DetailsForVisitor?STenderId=8teN2SglMhBbTs%20*@@**T0IC5w==","2025-09-26","2025-09-28","مرور"
"تأمين وتركيب وإصلاح وصيانة عدد [6] سيارة لإدارة مرور منطقة الرياض","2025-09-21","https://tenders.etimad.sa/Tender/DetailsForVisitor?STenderId=Z6HwR4hJtEs8y1W11JrjKQ==","2025-09-25","2025-09-27","مرور"
"تأمين وتركيب وإصلاح وصيانة عدد [3] سيارة لإدارة مرور منطقة الشرقية","2025-09-21","https://tenders.etimad.sa/Tender/DetailsForVisitor?STenderId=ArR64KOqjihpdn1tkEGuoQ==","2025-09-25","2025-09-27","مرور"
"تأمين وتركيب وإصلاح وصيانة عدد [3] سيارة لإدارة مرور منطقة جازان","2025-09-21","https://tenders.etimad.sa/Tender/DetailsForVisitor?STenderId=Pnygicf*@@**JJxBqUpj*@@**M98Tw==","2025-09-25","2025-09-27","مرور"
"توريد وتأمين أدوات ولوحات ووسائل السلامة المرورية لبلدية الحصاة","2025-09-18","https://tenders.etimad.sa/Tender/DetailsForVisitor?STenderId=GUgXjmLuVw14Wn5B4thXwg==","2025-10-10","2025-10-14","مرور"
"شراء وتجديد رخص نظام إدارة الحسابات (Privileged Access Management) لضمان حماية واستمرارية الاعمال وا ...","2025-09-15","https://tenders.etimad.sa/Tender/DetailsForVisitor?STenderId=hmPhEyIrl9*@@**mpSkAhCz22w==","2025-09-20","2025-10-01","مرور"
"توريد وتركيب وإصلاح قطع غيار تورس تابعة لشرطة المنطقة الشرقية (حادث مروري)","2025-09-15","https://tenders.etimad.sa/Tender/DetailsForVisitor?STenderId=xXGkG8Q0%20x2*@@**nygDrOvykg==","2025-10-05","2025-10-06","مرور"
"تأمين وتركيب وإصلاح وصيانة عدد (6) سيارة لإدارة مرور منطقة الرياض","2025-09-14","https://tenders.etimad.sa/Tender/DetailsForVisitor?STenderId=b592sTSG6GiZoInssKHjiQ==","2025-09-18","2025-09-20","مرور"
"Traffic Violations Program (to monitor all IABFH Vehicles, Dammam staff driving loaned cars) for IAF ...","2025-09-14","https://tenders.etimad.sa/Tender/DetailsForVisitor?STenderId=bdqGkzhkvhUFoO8MMldiyw==","2025-09-25","2025-09-30","مرور"
"تامين وتركيب وإصلاح وصيانة عدد (16) آلات تصوير لإدارة مرور منطقة الجوف","2025-09-14","https://tenders.etimad.sa/Tender/DetailsForVisitor?STenderId=QNRGTXWrvoSvhn3scsRJGQ==","2025-09-18","2025-09-20","مرور"
"تأمين وتوريد مواد لصيانة الدوارات وتنظيم حركة المرور بالمحافظة والمراكز التابعة لها","2025-09-11","https://tenders.etimad.sa/Tender/DetailsForVisitor?STenderId=MGRyNog3P4TDovZFHGM50Q==","2025-09-21","2025-09-27","مرور"
"صيانة لوحات الشوارع وتوريد لوحات ارشادية وأدوات سلامة مرورية لبلدية الرويضة","2025-09-11","https://tenders.etimad.sa/Tender/DetailsForVisitor?STenderId=Xobmwi7NeDDtEcvEJiRAsA==","2025-09-19","2025-09-28","مرور"
"صيانة وتأمين قطع غيار لمركبة رسمية متعرضة لحادث مروري تابعة لإدارة دوريات الأمن بمنطقة الباحة","2025-09-11","https://tenders.etimad.sa/Tender/DetailsForVisitor?STenderId=6rE2fUAK4760Rer%20hcUbmg==","2025-09-24","2025-09-24","مرور"
"صيانة وتأمين قطع غيار لمركبات رسمية متعرضة لحوادث مرورية تابعة لإدارة دوريات الأمن بالعاصمة المقدسة","2025-09-10","https://tenders.etimad.sa/Tender/DetailsForVisitor?STenderId=%20tcp55CCC3Q8kbWBzysK2g==","2025-09-11","2025-09-13","مرور"
"صيانة وتامين قطع غيار لمركبات متعرضة لحوادث مروريه تابعة لإدارة دوريات الامن بالمنطقة الشرقية","2025-09-10","https://tenders.etimad.sa/Tender/DetailsForVisitor?STenderId=43NgG*@@**CyFMEUGorNkuxbuA==","2025-09-24","2025-09-24","مرور"
"اصلاح وصيانة الة فرم ووزن اللوحات لإدارة مرور محافظة جدة","2025-09-10","https://tenders.etimad.sa/Tender/DetailsForVisitor?STenderId=i%20fZOhu2hj1jASi9YTRtxg==","2025-09-14","2025-09-16","مرور"
"إعلان عن بيع مركبات محجوزة بإدارة مرور محافظة حفر الباطن","2025-09-09","https://tenders.etimad.sa/Tender/DetailsForVisitor?STenderId=2st49fdMZeE3DZE%20sV9aPw==","2025-09-13","2025-09-15","مرور"
"إعلان عن بيع مركبات محجوزة بإدارة مرور منطقة المدينة المنورة","2025-09-09","https://tenders.etimad.sa/Tender/DetailsForVisitor?STenderId=GanCXZjS0YmtItljt4McsQ==","2025-09-13","2025-09-15","مرور"
"تأمين وتركيب وإصلاح وصيانة عدد (6) سيارة لإدارة مرور منطقة الرياض","2025-09-09","https://tenders.etimad.sa/Tender/DetailsForVisitor?STenderId=DEOElPAzou75CKno0MDIqQ==","2025-09-13","2025-09-15","مرور"
"توريد وتركيب وإصلاح قطع غيار لعدد (1) آلية تابعة لشرطة المنطقة الشرقية (حوادث مرورية)","2025-09-09","https://tenders.etimad.sa/Tender/DetailsForVisitor?STenderId=W3wdwgFC2Oi89qSOXBgJ2g==","2025-10-06","2025-10-07","مرور"
"تأمين وتركيب وإصلاح وصيانة عدد (3) سيارة لإدارة مرور منطقة تبوك","2025-09-09","https://tenders.etimad.sa/Tender/DetailsForVisitor?STenderId=MA*@@**xL17pS6CgMt07KqOTew==","2025-09-13","2025-09-15","مرور"
"إعلان عن بيع مركبات ودراجات نارية محجوزة بإدارة مرور محافظة رياض الخبراء","2025-09-09","https://tenders.etimad.sa/Tender/DetailsForVisitor?STenderId=6UNiI6hj7d49t9fys5PoJg==","2025-09-13","2025-09-15","مرور"
"تأمين وتركيب تنجيد مراتب عدد (30) سيارة لإدارة مرور منطقة حائل","2025-09-09","https://tenders.etimad.sa/Tender/DetailsForVisitor?STenderId=0t9R8JayRWrnpTpANKa4cw==","2025-09-13","2025-09-15","مرور"
"إعلان عن بيع دراجات نارية محجوزة بإدارة مرور محافظة الاحساء","2025-09-09","https://tenders.etimad.sa/Tender/DetailsForVisitor?STenderId=yZMCFu%208j68lRLQvqAJSoQ==","2025-09-13","2025-09-15","مرور"
"فك ونقل وتركيب الأثاث والأرشيف ومحتوياتها الخاصة بشعبة مرور الرمال","2025-09-09","https://tenders.etimad.sa/Tender/DetailsForVisitor?STenderId=vNuotsxadZvWd6%200tkZJ2Q==","2025-09-13","2025-09-15","مرور"
"صيانة وسائل السلامة المرورية بالمنطقة المركزية والطرق المؤدية لها","2025-09-08","https://tenders.etimad.sa/Tender/DetailsForVisitor?STenderId=xbnBz8CL6CPyY8wafFogig==","2025-09-18","2025-10-09","مرور"
"عقد اعادة تأهيل القواعد الخرسانية المتهالكة لأعمدة الانارة والإشارات الضوئية (المرحلة الأولى) ...","2025-09-07","https://tenders.etimad.sa/Tender/DetailsForVisitor?STenderId=K*@@**5WD%20wZ8NWxq%20qzMlv*@@**5g==","2025-11-10","2025-11-16","مرور"
"توريد لوحات للسلامة المرورية","2025-09-07","https://tenders.etimad.sa/Tender/DetailsForVisitor?STenderId=W0iMF97f%2046wU7VDAWqlrA==","2025-09-17","2025-09-23","مرور"
"منافسة إدارة دورة الإيرادات بمستشفى الملك عبدالله الجامعي","2025-09-04","https://tenders.etimad.sa/Tender/DetailsForVisitor?STenderId=VjTB1ujwsc%20uHuWXao%203HA==","2025-10-08","2025-10-13","مرور"
"صيانة وتأهيل مدخل حي المنسك","2025-09-02","https://tenders.etimad.sa/Tender/DetailsForVisitor?STenderId=kxkK14aBafDCXAS8UDm7sQ==","2025-09-12","2025-09-18","مرور"
"صيانة وتأهيل مدخل مدينة الأمير سلطان","2025-09-02","https://tenders.etimad.sa/Tender/DetailsForVisitor?STenderId=AkjCUv4snWxbzei0kOL9ow==","2025-09-12","2025-09-18","مرور"
"صيانة وتأهيل مدخل حي المروج","2025-09-02","https://tenders.etimad.sa/Tender/DetailsForVisitor?STenderId=PPre%20miyVFg5uxGnvCoFzQ==","2025-09-12","2025-09-18","مرور"
"اختبار وتشغيل محطة تجريبية لدراسة أثر المعقمات على الانابيب المصنعة من مادة البولي ايثيلين عالي ال ...","2025-09-01","https://tenders.etimad.sa/Tender/DetailsForVisitor?STenderId=33mopdlI152oDpJwplBXsw==","2025-11-16","2025-11-20","مرور"
"بشأن اصلاح وتأمين وتركيب قطع غيار سيارة نوع تويوتا هايلوكس موديل 2020 لوحة 2700 (حادث مروري)","2025-08-31","https://tenders.etimad.sa/Tender/DetailsForVisitor?STenderId=vu%206oD2XcC5k6ZktZuLjIg==","2025-09-02","2025-09-04","مرور"
"توريد وتركيب قطع غيار واصلاح تويوتا بكب غماره تابعه لادارة الدفاع المدني بسكاكا بمنطقة الجوف نتيجة و ...","2025-08-27","https://tenders.etimad.sa/Tender/DetailsForVisitor?STenderId=zNc2FmldS*@@**RnEIubgQ12rA==","2025-08-30","2025-09-01","مرور"
"صيانة وتأمين قطع غيار لمركبات رسمية متعرضة لحوادث مرورية تابعة لإدارة دوريات الأمن بمنطقة الباحة","2025-08-27","https://tenders.etimad.sa/Tender/DetailsForVisitor?STenderId=YNEvcnDVq%20Pjucln2*@@**DwMA==","2025-08-28","2025-08-30","مرور"
"مشروع تأهيل الشوارع التجميعية بحي البساتين بالدمام","2025-08-26","https://tenders.etimad.sa/Tender/DetailsForVisitor?STenderId=UYaCs*@@**LcK8AORI6wIuYWdA==","2025-09-05","2025-09-14","مرور"
"صيانة وتأمين قطع غيار لمركبات رسمية متعرضة لحوادث مرورية تابعة لإدارة دوريات الأمن بمنطقة المدينة ال ...","2025-08-25","https://tenders.etimad.sa/Tender/DetailsForVisitor?STenderId=lDrz%20CbC5zO3Zu4nqEJKRg==","2025-08-26","2025-08-28","مرور"
"صيانة وتأمين قطع غيار لمركبات رسمية متعرضة لحوادث مرورية تابعة لإدارة دوريات الأمن بمنطقة عسير","2025-08-25","https://tenders.etimad.sa/Tender/DetailsForVisitor?STenderId=MBTq2QSZHbWnYn3gpPqbyg==","2025-08-26","2025-08-28","مرور"
"صيانة وتأمين قطع غيار لمركبات رسمية متعرضة لحوادث مرورية تابعة لإدارة دوريات الأمن بالعاصمة المقدسة","2025-08-25","https://tenders.etimad.sa/Tender/DetailsForVisitor?STenderId=KciLF1rXa0Pa1jWV%20j%20wMA==","2025-08-26","2025-08-28","مرور"
"صيانة وتأمين قطع غيار لمركبة رسمية متعرضة لحادث مروري تابعة لإدارة دوريات الأمن بمنطقة الجوف","2025-08-25","https://tenders.etimad.sa/Tender/DetailsForVisitor?STenderId=WPkDWOJj1WGSKk4lPThRrg==","2025-11-02","2025-11-02","مرور"
"إعلان عن بيع مركبات و دراجات نارية محجوزة بإدارة مرور منطقة الحدود الشمالية","2025-08-25","https://tenders.etimad.sa/Tender/DetailsForVisitor?STenderId=kG1wmc9nqsp0JVNCuB4yvA==","2025-08-29","2025-08-31","مرور"
"اصلاح وصيانة ودهان حواجز حديدية لزوم فرع التموين بالإدارة العامة للمرور بـ (العاصمة المقدسة)","2025-08-25","https://tenders.etimad.sa/Tender/DetailsForVisitor?STenderId=IBr*@@**Ts5VjFjZEX0a3MGWPg==","2025-08-29","2025-08-31","مرور"
"نظام ادارة القروض و التحصيل","2025-08-25","https://tenders.etimad.sa/Tender/DetailsForVisitor?STenderId=5pmKos67v9vty3HLO47Ueg==","2025-09-23","2025-10-02","مرور"
"تأمين وتركيب وإصلاح وصيانة عدد (4) سيارة لإدارة مرور محافظة الطائف","2025-08-25","https://tenders.etimad.sa/Tender/DetailsForVisitor?STenderId=HLJVwKrPf9nsAtceiP3zSA==","2025-08-29","2025-08-31","مرور"
"تأمين وتركيب وإصلاح وصيانة عدد (3) سيارة لإدارة مرور منطقة الرياض","2025-08-25","https://tenders.etimad.sa/Tender/DetailsForVisitor?STenderId=To4x4OxhB%20hBYlBRhQFdwg==","2025-08-29","2025-08-31","مرور"
"إعلان عن بيع مركبات ودراجات نارية محجوزة بإدارة مرور منطقة عسير","2025-08-25","https://tenders.etimad.sa/Tender/DetailsForVisitor?STenderId=ajJ4%20zbofktiMZ*@@**rnY9eoA==","2025-08-29","2025-08-31","مرور"
"إعلان عن بيع دراجات نارية محجوزة بإدارة مرور محافظة الاحساء","2025-08-25","https://tenders.etimad.sa/Tender/DetailsForVisitor?STenderId=Vm1Dj1XBYnFLx5uS7ZIShg==","2025-08-29","2025-08-31","مرور"
"توريد قطع غيار فورد تورس تابعه لمديرية الدفاع المدني بالجوف نتيجة وقوع حادث مروري عليها ( JF 25 62 0 ...","2025-08-24","https://tenders.etimad.sa/Tender/DetailsForVisitor?STenderId=HuaJn6c9PoAuQQQp8gkXEQ==","2025-08-25","2025-08-27","مرور"
"صيانة وتأمين قطع غيار لمركبات رسمية متعرضة لحوادث مرورية تابعة لإدارة دوريات الأمن بمنطقة الرياض","2025-08-21","https://tenders.etimad.sa/Tender/DetailsForVisitor?STenderId=GKPfMVAWm07El9znebSBKg==","2025-08-22","2025-08-24","مرور"
"صيانة وتأمين قطع غيار لمركبات رسمية متعرضة لحوادث مرورية تابعة لإدارة دوريات الأمن بمحافظة جدة","2025-08-21","https://tenders.etimad.sa/Tender/DetailsForVisitor?STenderId=D*@@**ruB0oMYEe70smWTGdbhg==","2025-08-22","2025-08-24","مرور"
"صيانة وتأمين قطع غيار لمركبات رسمية متعرضة لحوادث مرورية تابعة لإدارة دوريات الأمن بمنطقة الرياض","2025-08-21","https://tenders.etimad.sa/Tender/DetailsForVisitor?STenderId=SXIBL9U5mKR37*@@**fVxUN1VQ==","2025-08-22","2025-08-24","مرور"
"صيانة وتأمين قطع غيار لمركبات رسمية متعرضة لحوادث مرورية تابعة لإدارة دوريات الأمن بالعاصمة المقدسة","2025-08-21","https://tenders.etimad.sa/Tender/DetailsForVisitor?STenderId=%20KCBVHrWE*@@**2ys0c%20Puh9ow==","2025-08-22","2025-08-24","مرور"
"صيانة وتأمين قطع غيار لمركبات رسمية متعرضة لحوادث مرورية تابعة لإدارة دوريات الأمن بمحافظة الطائف","2025-08-21","https://tenders.etimad.sa/Tender/DetailsForVisitor?STenderId=kSqFQHvEXsQ0sgRZQhaQ7w==","2025-08-22","2025-08-24","مرور"
"تجديد خدمة تم المروري لعام 2025-2026","2025-08-21","https://tenders.etimad.sa/Tender/DetailsForVisitor?STenderId=5YuBl2b9v3IRO1tQuN*@@**4ZQ==","2025-08-26","2025-08-28","مرور"
"تأمين وتركيب وإصلاح وصيانة عدد (7) سيارة لإدارة مرور منطقة الشرقية","2025-08-20","https://tenders.etimad.sa/Tender/DetailsForVisitor?STenderId=kCcZel8FwrbiP6HFOjau9Q==","2025-09-02","2025-09-03","مرور"
"تأمين وتركيب وإصلاح وصيانة عدد (5) سيارة لإدارة مرور منطقة الرياض","2025-08-18","https://tenders.etimad.sa/Tender/DetailsForVisitor?STenderId=dekMPadwh0YkOdl*@@**9fXbcA==","2025-08-22","2025-08-24","مرور"
"تأمين حاجز مروري بعجلات لمستشفى قوى الأمن بمكة المكرمة TRAFFIC BARRIER WITH WHEELS, TYPE: ALUMINUM. ...","2025-08-17","https://tenders.etimad.sa/Tender/DetailsForVisitor?STenderId=BA%202zXHCGK%20Yfw0cpa8dAA==","2025-08-25","2025-08-28","مرور"
"تامين وتركيب وإصلاح وصيانة عدد (16) آلات تصوير لإدارة مرور منطقة حائل","2025-08-17","https://tenders.etimad.sa/Tender/DetailsForVisitor?STenderId=D9u9DCQo6nkuAm1j6tq8FA==","2025-08-21","2025-08-23","مرور"
"تجديد الدعم الفني ورخصة نظام لجنتي","2025-08-14","https://tenders.etimad.sa/Tender/DetailsForVisitor?STenderId=FinR8sgBli3ooxQcKbBjrA==","2025-08-16","2025-08-18","مرور"
"صيانة وتأمين قطع غيار لمركبات رسمية متعرضة لحوادث مرورية تابعة لإدارة دوريات الأمن بمنطقة المدينة ال ...","2025-08-13","https://tenders.etimad.sa/Tender/DetailsForVisitor?STenderId=A0jr%207VS9gSguvenkxOphQ==","2025-08-24","2025-08-24","مرور"
"صيانة وتأمين قطع غيار لمركبات رسمية متعرضة لحوادث مرورية تابعة لإدارة دوريات الأمن بمنطقة الرياض","2025-08-13","https://tenders.etimad.sa/Tender/DetailsForVisitor?STenderId=Ziu9IzaaacvLKr%20LZ*@@**s5*@@**A==","2025-08-14","2025-08-16","مرور"
"صيانة وتأمين قطع غيار لمركبات رسمية متعرضة لحوادث مرورية تابعة لإدارة دوريات الأمن بمنطقة نجران","2025-08-13","https://tenders.etimad.sa/Tender/DetailsForVisitor?STenderId=0eDsSZdUaPeQyzTjVzo1bQ==","2025-08-14","2025-08-16","مرور"
"توريد وتركيب وإصلاح قطع غيار لعدد ( 1) آلية تابعة لشرطة المنطقة الشرقية ( حادث مروري)","2025-08-12","https://tenders.etimad.sa/Tender/DetailsForVisitor?STenderId=E%20QHI8mvMjh*@@**ytWKngsc3Q==","2025-09-30","2025-09-30","مرور"
"توريد وتركيب وإصلاح قطع غيار لعدد (1) آلية تابعة لشرطة المنطقة الشرقية (حوادث مرورية) 114617","2025-08-12","https://tenders.etimad.sa/Tender/DetailsForVisitor?STenderId=*@@**0iFRgAdFiVudlwXfVv1uQ==","2025-09-25","2025-09-30","مرور"
"توريد وتركيب وإصلاح قطع غيار لعدد (1) آلية تابعة لشرطة المنطقة الشرقية (حوادث مرورية)","2025-08-12","https://tenders.etimad.sa/Tender/DetailsForVisitor?STenderId=K4a*@@**BLVNJE%20950DQfswrHA==","2025-09-17","2025-09-18","مرور"
"إعلان عن بيع مركبات ودراجات نارية محجوزة بإدارة مرور محافظة جدة","2025-08-11","https://tenders.etimad.sa/Tender/DetailsForVisitor?STenderId=SqYI%20G0Dm%200P75IrA5m%20iA==","2025-08-15","2025-08-17","مرور"
"تامين وتركيب وإصلاح وصيانة عدد (16) آلات تصوير لإدارة مرور منطقة الحدود الشمالية","2025-08-11","https://tenders.etimad.sa/Tender/DetailsForVisitor?STenderId=8TYr8b10oLq7FLjLkrLnPg==","2025-08-18","2025-08-19","مرور"
"إعلان عن بيع مركبات محجوزة بإدارة مرور منطقة المدينة المنورة (العيص)","2025-08-11","https://tenders.etimad.sa/Tender/DetailsForVisitor?STenderId=pl3RhidwnpLLkFdqMpVLMg==","2025-08-15","2025-08-17","مرور"
"تأمين وتركيب وإصلاح وصيانة عدد (3) سيارة لإدارة مرور منطقة الرياض","2025-08-11","https://tenders.etimad.sa/Tender/DetailsForVisitor?STenderId=aw*@@**kRAf2iiKOr%20zkeh74fg==","2025-08-15","2025-08-17","مرور"
"اصلاح وصيانة ودهان حواجز حديدية تابعة لإدارة مرور منطقة حائل","2025-11-11","https://tenders.etimad.sa/Tender/DetailsForVisitor?STenderId=R1fd7P7e%20j5zKV1z8%20Bo7w==","2025-11-15","2025-11-17","اصلاح"
"اصلاح سيارات قوة أمن المنشآت بالمنطقة الشرقية رقم 87804","2025-11-11","https://tenders.etimad.sa/Tender/DetailsForVisitor?STenderId=Otu%204dMzuATGR92CmVyHZg==","2025-11-14","2025-11-16","اصلاح"
"اصلاح سيارات قوة أمن المنشآت بالمنطقة الشرقية رقم 87809","2025-11-11","https://tenders.etimad.sa/Tender/DetailsForVisitor?STenderId=TziR5PDbr3LyGICt3qFZig==","2025-11-14","2025-11-16","اصلاح"
"اصلاح سيارات قوة أمن المنشآت بالمنطقة الشرقية رقم 84568","2025-11-11","https://tenders.etimad.sa/Tender/DetailsForVisitor?STenderId=AJOvdeoeFIZM5UA3rYncuA==","2025-11-14","2025-11-16","اصلاح"
"اصلاح سيارات قوة أمن المنشآت بالمنطقة الشرقية رقم 97873","2025-11-11","https://tenders.etimad.sa/Tender/DetailsForVisitor?STenderId=Aa6tOlvxqZbGMVZ0SQ6ukQ==","2025-11-14","2025-11-16","اصلاح"
"اصلاح سيارات قوة أمن المنشآت بالمنطقة الشرقية رقم 95878","2025-11-11","https://tenders.etimad.sa/Tender/DetailsForVisitor?STenderId=IYJUCyTknI49ssYFB28k7Q==","2025-11-14","2025-11-16","اصلاح"
"اصلاح سيارات قوة أمن المنشآت بالمنطقة الشرقية رقم 102963","2025-11-11","https://tenders.etimad.sa/Tender/DetailsForVisitor?STenderId=czN6T5PRQBgQkDfdeszYRQ==","2025-11-14","2025-11-16","اصلاح"
"منافسة تامين وتوريد قهوة ومستلزماتها لزوم لجنة اصلاح ذات البين لشهر جمادى الاخر ولشهر رجب من عام 144 ...","2025-11-10","https://tenders.etimad.sa/Tender/DetailsForVisitor?STenderId=SFGWXdxVTPJ*@@**elpYYaw62g==","2025-11-11","2025-11-13","اصلاح"
"تأمين قطع غيار واصلاح اليات الدفاع المدني بمنطقة مكة المكرمة","2025-11-09","https://tenders.etimad.sa/Tender/DetailsForVisitor?STenderId=QqQIy1Tv4eYlW3CNZsfwow==","2025-11-18","2025-11-20","اصلاح"
"جدول كميات تأمين قطع غيار واصلاح لعدد من السيارات بشعبة الصيانة (الباحة)BH256200012","2025-11-07","https://tenders.etimad.sa/Tender/DetailsForVisitor?STenderId=xSUmL2oWyFt1f6C4I%20TlTg==","2025-11-14","2025-11-16","اصلاح"
"اصلاح واستبدال قطع غيار بئر قيادة حرس الحدود بمنطقة الحدود الشمالية","2025-11-06","https://tenders.etimad.sa/Tender/DetailsForVisitor?STenderId=%20FvkhTWSFjU0uBJ0ALrzRg==","2025-11-07","2025-11-09","اصلاح"
"أعمال الصيانة واصلاحات لزوم مبنى محافظة الدوادمي","2025-11-05","https://tenders.etimad.sa/Tender/DetailsForVisitor?STenderId=SLfy36KWw7VeAD8hLk5nSA==","2025-11-09","2025-11-11","اصلاح"
"تأمين قطع غيار واصلاح اليات الدفاع المدني بمنطقة مكة المكرمة","2025-11-05","https://tenders.etimad.sa/Tender/DetailsForVisitor?STenderId=NGcwbMhKW1Zo73384*@@**kU2Q==","2025-11-09","2025-11-11","اصلاح"
"تأمين قطع غيار واصلاح اليات الدفاع المدني بمنطقة مكة المكرمة","2025-11-05","https://tenders.etimad.sa/Tender/DetailsForVisitor?STenderId=*@@**NBHKo6*@@**sk6hUhc7CYuDMA==","2025-11-14","2025-11-16","اصلاح"
"تأمين قطع غيار واصلاح اليات الدفاع المدني بمنطقة مكة المكرمة","2025-11-05","https://tenders.etimad.sa/Tender/DetailsForVisitor?STenderId=rWNK%20BdMPnX5O5zCpA1W9w==","2025-11-09","2025-11-11","اصلاح"
"تأمين قطع غيار واصلاح اليات الدفاع المدني بمنطقة مكة المكرمة","2025-11-05","https://tenders.etimad.sa/Tender/DetailsForVisitor?STenderId=H2CvtejdnNHqxclp9*@@**cYgA==","2025-11-09","2025-11-11","اصلاح"
"تأمين قطع غيار واصلاح اليات الدفاع المدني بمنطقة مكةالمكرمة","2025-11-05","https://tenders.etimad.sa/Tender/DetailsForVisitor?STenderId=8bWb9OG08HRotKe3I1xzUA==","2025-11-14","2025-11-16","اصلاح"
"اصلاح وصيانة لخزانات مياه بعض مراكز الدفاع المدني بمحافظة جدة","2025-11-05","https://tenders.etimad.sa/Tender/DetailsForVisitor?STenderId=PQEfmx2FxfVxXZhcEsOUYw==","2025-11-09","2025-11-11","اصلاح"
"اصلاح وتأمين قطع غيار لمركبة من نوع هايلوكس تويوتا موديل 2009 والتابعة لمكافحة المخدرات بمدينة أبها","2025-11-03","https://tenders.etimad.sa/Tender/DetailsForVisitor?STenderId=OUCAI8Bjr*@@**bjHw3OxuITOA==","2025-11-09","2025-11-11","اصلاح"
"تامين واصلاح قطع غيار اليات الدفاع المدني بمحافظة رابغ","2025-11-03","https://tenders.etimad.sa/Tender/DetailsForVisitor?STenderId=xi5%20lo57Y7se8mYrh*@@**qRbQ==","2025-11-13","2025-11-19","اصلاح"
"تأمين واصلاح قطع غيار قوارب مطاطية لادارة الدفاع المدني بمحافظة رابغ","2025-11-03","https://tenders.etimad.sa/Tender/DetailsForVisitor?STenderId=kgm*@@**rNtwd0qB0B7CrgdAwA==","2025-11-13","2025-11-19","اصلاح"
"تأمين قطع غيار واصلاح الاليات الخاصة بإدارة الدفاع المدني بمحافظة الخبر DM 25 62 0178","2025-11-02","https://tenders.etimad.sa/Tender/DetailsForVisitor?STenderId=7irCRYSbh8C7ZMMM*@@**yrrQQ==","2025-11-05","2025-11-07","اصلاح"
"تأمين قطع غيار واصلاح الاليات بادارة الدفاع المدني بمحافظة الخفجي","2025-11-02","https://tenders.etimad.sa/Tender/DetailsForVisitor?STenderId=HLqLYDKupPIl27YFWXEzDg==","2025-11-03","2025-11-05","اصلاح"
"توريد وتركيب قطع غيار واصلاح اليات الدفاع المدني بمنطقة الجوف ( JF 25 62 0047 )","2025-11-02","https://tenders.etimad.sa/Tender/DetailsForVisitor?STenderId=ai1E72uwcahTnpSvAc3Lhg==","2025-11-03","2025-11-05","اصلاح"
"اصلاح وتأمين قطع غيار سيارات آليات تابعة لإدارة الدفاع المدني بمحافظة المويه","2025-11-02","https://tenders.etimad.sa/Tender/DetailsForVisitor?STenderId=SnGyV8UVP9Mz7AK6nQzNHA==","2025-11-12","2025-11-14","اصلاح"
"صيانة واصلاح لجهاز طبي بغرفة العمليات بمستشفى الهدا","2025-10-30","https://tenders.etimad.sa/Tender/DetailsForVisitor?STenderId=M9r%20gNrJp4Tn4L9zEdLJUg==","2025-11-04","2025-11-06","اصلاح"
"طلب اصلاح وصيانة عدد (3) سيارات شيفروليه تاهو موديل (2015) وعدد (1) سيارة فورد تورس موديل (2015)","2025-10-30","https://tenders.etimad.sa/Tender/DetailsForVisitor?STenderId=dIRAiBlhjLBelQ8KOB7E7g==","2025-11-09","2025-11-16","اصلاح"
"اصلاح تانكي اكتروس عدد (1) ومقطورة عدد (2) لنقل المحروقات","2025-10-29","https://tenders.etimad.sa/Tender/DetailsForVisitor?STenderId=6GrlAHleNzUNymQU4pvPhg==","2025-11-03","2025-11-07","اصلاح"
"تأمين قطع غيار واصلاح اليات الدفاع المدني بمنطقة مكة المكرمة","2025-10-29","https://tenders.etimad.sa/Tender/DetailsForVisitor?STenderId=Y5BpvGgZyDYhoKoU*@@**3075w==","2025-11-20","2025-11-23","اصلاح"
"تأمين قطع غيار واصلاح اليات الدفاع المدني بمنطقة مكة المكرمة","2025-10-29","https://tenders.etimad.sa/Tender/DetailsForVisitor?STenderId=kHN4nzHgkJa6JB4L03yUzg==","2025-11-02","2025-11-04","اصلاح"
"بيان تأمين وتوريد واصلاح قطع غيار لاداره الدفاع المدني بمحافظه الدرعية ومراكزها التابعة لمديريه الدف ...","2025-10-28","https://tenders.etimad.sa/Tender/DetailsForVisitor?STenderId=ULhVNgaMfKV2oFIJcBIl7g==","2025-10-30","2025-11-01","اصلاح"
"اصلاح حادث للمركبة من نوع كامري موديل 2011 لوحة رقم (ب ط م 4103)","2025-10-28","https://tenders.etimad.sa/Tender/DetailsForVisitor?STenderId=%20sjHiHVPmP7dMmslLCYu3w==","2025-11-20","2025-11-20","اصلاح"
"اصلاح حادث للمركبة باص هايس موديل 2015 لوحة رقم (ب أ ح 1840)","2025-10-28","https://tenders.etimad.sa/Tender/DetailsForVisitor?STenderId=r3LRvHEoEUTbKp0HaGVXJw==","2025-11-20","2025-11-20","اصلاح"
"اصلاح مع توفير قطع غيار لرافعه شوكية من نوع (LINDE) بمركز الغسيل الكلوي بجدة التابعة للشؤون الصحية ...","2025-10-28","https://tenders.etimad.sa/Tender/DetailsForVisitor?STenderId=2IoONJG%20NC7g4sYEKIjhXw==","2025-10-30","2025-11-01","اصلاح"
"تأمين قطع غيار واصلاح اليات بإدارة الدفاع المدني بمنطقة مكة المكرمة","2025-10-27","https://tenders.etimad.sa/Tender/DetailsForVisitor?STenderId=e5XsqZaTnau9Uxg9G8qcIw==","2025-10-31","2025-11-02","اصلاح"
"تأمين قطع غيار واصلاح الاليات التابعة لمديرية المنطقة الشرقية و الإدارات التابعة لها و الفروع DM 25 ...","2025-10-27","https://tenders.etimad.sa/Tender/DetailsForVisitor?STenderId=uLOupDh9BU66vCJv5jST0Q==","2025-10-31","2025-11-02","اصلاح"
"تامين قطع غيار واصلاح الآلية التابعة لمديرية المنطقة الشرقية DM 25 62 0188","2025-10-27","https://tenders.etimad.sa/Tender/DetailsForVisitor?STenderId=s89Jz*@@**HsjUTXvey0GtETAA==","2025-11-13","2025-11-13","اصلاح"
"تأمين قطع غيار واصلاح اليات الدفاع المدني بمنطقة مكة المكرمة","2025-10-27","https://tenders.etimad.sa/Tender/DetailsForVisitor?STenderId=2KzrPcL2*@@**loPUlluOBYMZw==","2025-11-05","2025-11-07","اصلاح"
"تأمين قطع غيار واصلاح اليات الدفاع المدني بمنطقة مكة المكرمة","2025-10-27","https://tenders.etimad.sa/Tender/DetailsForVisitor?STenderId=TRM76j3YXzBGq8LdaBYHYw==","2025-11-19","2025-11-23","اصلاح"
"تأمين اصلاح إطارات اليات ومعدات الدفاع المدني بمنطقة مكة المكرمة","2025-10-27","https://tenders.etimad.sa/Tender/DetailsForVisitor?STenderId=7pKJfbCWTaXnLBo190o9YA==","2025-11-16","2025-11-16","اصلاح"
"تأمين قطع غيار واصلاح اليات الدفاع المدني بمنطقة مكة المكرمة","2025-10-27","https://tenders.etimad.sa/Tender/DetailsForVisitor?STenderId=vaShbAdftjpuxM0AKe7rGA==","2025-11-05","2025-11-07","اصلاح"
"اعمال اصلاح وصيانة لشعبة الدفاع المدني الميدانية بالأسكان الجنوبي بمحافظة جدة","2025-10-27","https://tenders.etimad.sa/Tender/DetailsForVisitor?STenderId=7dlrMeH4lK%2044GbFZa9dWg==","2025-10-31","2025-11-02","اصلاح"
"خدمة تصنيع منصة اصلاح متحركة بالعجلات مقاوم للرياح و الامطار و الحرارة","2025-10-26","https://tenders.etimad.sa/Tender/DetailsForVisitor?STenderId=H%20GQM2ZtZdReX2SBcgFLsw==","2025-10-29","2025-10-30","اصلاح"
"تأمين قطع غيار واصلاح اليات الدفاع المدني بمنطقة مكة المكرمة","2025-10-26","https://tenders.etimad.sa/Tender/DetailsForVisitor?STenderId=sS7*@@**atSRRm0jD0sGd8uV8w==","2025-11-04","2025-11-06","اصلاح"
"تأمين قطع غيار واصلاح اليات الدفاع المدني بمنطقة مكة المكرمة","2025-10-23","https://tenders.etimad.sa/Tender/DetailsForVisitor?STenderId=4rZfe5jIKXy%207ujQsSVz3Q==","2025-10-28","2025-10-30","اصلاح"
"صيانة واصلاح لجهاز طبي بمستشفى الهدا العسكري","2025-10-23","https://tenders.etimad.sa/Tender/DetailsForVisitor?STenderId=p*@@**ruTnY1wtBp%20W04M87l0A==","2025-11-09","2025-11-09","اصلاح"
"اصلاح وصيانة جهاز الصهر بالغاز وملحقاته","2025-10-22","https://tenders.etimad.sa/Tender/DetailsForVisitor?STenderId=tjBN9WffD5*@@**3FmYrajFkmw==","2025-11-12","2025-11-13","اصلاح"
"تأمين قطع غيار و اصلاح الاليات التابعة لمديرية المنطقة الشرقية والادارات التابعة لها و الفروع DM 25 ...","2025-10-22","https://tenders.etimad.sa/Tender/DetailsForVisitor?STenderId=H77tRDKR2J6bkg4*@@**NCpx1Q==","2025-10-25","2025-10-27","اصلاح"
"تأمين قطع غيار واصلاح اليات بإدارة الدفاع المدني بمنطقة مكة المكرمة","2025-10-21","https://tenders.etimad.sa/Tender/DetailsForVisitor?STenderId=86v*@@**c8ozRZmRpBnKOv*@@**aXw==","2025-11-23","2025-11-23","اصلاح"
"تأمين قطع غيار واصلاح اليات الدفاع المدني بمنطقة مكة المكرمة","2025-10-21","https://tenders.etimad.sa/Tender/DetailsForVisitor?STenderId=NKvCV79wasj7JV0YOdDZkw==","2025-11-16","2025-11-16","اصلاح"
"تأمين قطع غيار واصلاح اليات الدفاع المدني بمنطقة مكة المكرمة","2025-10-21","https://tenders.etimad.sa/Tender/DetailsForVisitor?STenderId=bXEiVBg*@@**4VmjRlMMVz%20TwA==","2025-11-20","2025-11-22","اصلاح"
"تأمين قطع غيار واصلاح أجهزة كشف غازات الدفاع المدني بمنطقة مكة المكرمة","2025-10-21","https://tenders.etimad.sa/Tender/DetailsForVisitor?STenderId=6HofG*@@**YFACr3z5IGSa*@@**qkw==","2025-11-20","2025-11-23","اصلاح"
"احتياج اصلاح بدن الوسائط وعربات السحب رقم ( تد ٥٢٦٤-ق٢١٢٣) فئة ١٢م-٨،٥م بالمنطقة الشرقية لزوم المظهر ...","2025-10-21","https://tenders.etimad.sa/Tender/DetailsForVisitor?STenderId=9%20qg77QAm8qX9VFTb4llPQ==","2025-10-31","2025-11-04","اصلاح"
"بشأن اصلاح وتأمين وتركيب قطع غيار سيارة نوع كيا كلاروس موديل 2014 لوحة 4285","2025-10-21","https://tenders.etimad.sa/Tender/DetailsForVisitor?STenderId=Yaa55S1bIjgBoZx0sLlsHQ==","2025-10-24","2025-10-26","اصلاح"
"بشأن اصلاح وتأمين وتركيب قطع غيار سيارة نوع كيا كلاروس موديل 2014 لوحة 5581","2025-10-21","https://tenders.etimad.sa/Tender/DetailsForVisitor?STenderId=RNWLKPCNarppr%20FFfIgbfg==","2025-10-24","2025-10-26","اصلاح"
"بشأن اصلاح وتأمين وتركيب قطع غيار سيارة نوع تويوتا فورتشنر موديل 2014 لوحة 7730","2025-10-21","https://tenders.etimad.sa/Tender/DetailsForVisitor?STenderId=832r6xX8X%20q6TqJVqKnQwA==","2025-10-24","2025-10-26","اصلاح"
"بشأن اصلاح وتأمين وتركيب قطع غيار سيارة نوع ايسوزو شاحنة موديل 2018 لوحة 6936","2025-10-21","https://tenders.etimad.sa/Tender/DetailsForVisitor?STenderId=8ml0pCMN6rFrB9vyrTM*@@**hQ==","2025-10-24","2025-10-26","اصلاح"
"صيانة واصلاح مظلات مواقف السيارات لمكافحة المخدرات بمنطقة الباحة","2025-10-21","https://tenders.etimad.sa/Tender/DetailsForVisitor?STenderId=SpgSiTslKpQTwfreKxVUcA==","2025-10-24","2025-10-26","اصلاح"
"اصلاح حادث للمركبة من نوع راف فور موديل /2018 لوحة ( رقم د ص ك 9208)","2025-10-21","https://tenders.etimad.sa/Tender/DetailsForVisitor?STenderId=LwdINGPgoIycFLp4qHXOtA==","2025-10-26","2025-10-28","اصلاح"
"اصلاح حادث للمركبة من نوع لاند كروزر موديل 2009 لوحة رقم (ح و ر 4972)","2025-10-21","https://tenders.etimad.sa/Tender/DetailsForVisitor?STenderId=DPSNAr1Tp7aA8KilK%20peyg==","2025-10-26","2025-10-28","اصلاح"
"صيانة الأجهزة الطبية بمستشفى جامعة الإمام عبد الرحمن بن فيصل","2025-10-20","https://tenders.etimad.sa/Tender/DetailsForVisitor?STenderId=1cX0xwUiWj4nw1VKlxTvTg==","2025-11-23","2025-12-07","اصلاح"
"صيانة الأجهزة الطبية بمستشفى الملك فهد الجامعي بالخبر","2025-10-20","https://tenders.etimad.sa/Tender/DetailsForVisitor?STenderId=ZL1fYOe4xW5z4AFnORdI2w==","2025-11-23","2025-12-08","اصلاح"
"تأمين قطع غيار واصلاح اليات الدفاع المدني بمنطقة مكة المكرمة","2025-10-20","https://tenders.etimad.sa/Tender/DetailsForVisitor?STenderId=2SpEEX2q3urVpkA*@@**sSm%204w==","2025-10-24","2025-10-26","اصلاح"
"تأمين قطع غيار واصلاح اليات الدفاع المدني بمنطقة مكة المكرمة","2025-10-20","https://tenders.etimad.sa/Tender/DetailsForVisitor?STenderId=6licCAumzQ3X3Qzwot45ag==","2025-10-24","2025-10-26","اصلاح"
"تأمين قطع غيار واصلاح اليات الدفاع المدني بمنطقة مكة المكرمة","2025-10-20","https://tenders.etimad.sa/Tender/DetailsForVisitor?STenderId=mYFHu0kAPo057ssybGP2Tg==","2025-10-28","2025-10-30","اصلاح"
"تأمين قطع غيار واصلاح أجهزة كشف غازات الدفاع المدني بمنطقة مكة المكرمة","2025-10-20","https://tenders.etimad.sa/Tender/DetailsForVisitor?STenderId=BKmTQh8k9dvxknVmYsKslw==","2025-11-16","2025-11-16","اصلاح"
"تامين قطع غيار واصلاح معدات فنية لمديرية الدفاع المدني بمنطقة مكة المكرمة","2025-10-20","https://tenders.etimad.sa/Tender/DetailsForVisitor?STenderId=Zvye8ljETl10vII6akUxRw==","2025-10-28","2025-10-30","اصلاح"
"طقم اصلاح مع بطارية لجهاز التنفس PHILIPS V60","2025-10-19","https://tenders.etimad.sa/Tender/DetailsForVisitor?STenderId=jMWdYDQDDnST7KLzhPmLVg==","2025-10-22","2025-10-25","اصلاح"
"تأمين قطع غيار واصلاح اليات الدفاع المدني بمنطقة مكة المكرمة","2025-10-19","https://tenders.etimad.sa/Tender/DetailsForVisitor?STenderId=KexEpS77lIiOy29VNPTOIw==","2025-10-23","2025-10-25","اصلاح"
"اعمال اصلاح وصيانة لمبنى الدفاع المدني بالقوارة","2025-10-15","https://tenders.etimad.sa/Tender/DetailsForVisitor?STenderId=PmqK9JyULPfvRIg0vv2f*@@**A==","2025-10-25","2025-11-03","اصلاح"
"اصلاح معدات متعطلة في ورشة التموين عدد (9)","2025-10-15","https://tenders.etimad.sa/Tender/DetailsForVisitor?STenderId=PoKsu6vfRiccLgYe2Cv*@@**8w==","2025-10-18","2025-10-21","اصلاح"
"اعمال اصلاح وصيانة في بعض المباني التابعة لمديرية الدفاع المدني بمنطقة الرياض","2025-10-14","https://tenders.etimad.sa/Tender/DetailsForVisitor?STenderId=5q5lm1UI7lNuQCMJAeuq8A==","2025-10-16","2025-10-18","اصلاح"
"تامين قطع غيار الاليات لزوم مستودع الدفاع المدني بمنطقة مكة المكرمة","2025-10-13","https://tenders.etimad.sa/Tender/DetailsForVisitor?STenderId=gwZYEzrFRaLS6XU6PWGr5Q==","2025-10-23","2025-10-25","اصلاح"
"تأمين قطع غيار واصلاح اليات بإدارة الدفاع المدني بمنطقة مكة المكرمة","2025-10-13","https://tenders.etimad.sa/Tender/DetailsForVisitor?STenderId=cbJEk1Zoqa6LHFKapxrVdQ==","2025-11-13","2025-11-13","اصلاح"
"تأمين قطع غيار واصلاح اليات بإدارة الدفاع المدني بمنطقة مكة المكرمة","2025-10-13","https://tenders.etimad.sa/Tender/DetailsForVisitor?STenderId=z48KwmU*@@**ubViOMsSWYURKw==","2025-10-17","2025-10-19","اصلاح"
"تأمين قطع غيار واصلاح اليات الدفاع المدني بإدارة محافظة الطائف","2025-10-13","https://tenders.etimad.sa/Tender/DetailsForVisitor?STenderId=B6AclQXUQH51YYkGTYyUbg==","2025-10-17","2025-10-19","اصلاح"
"تأمين قطع غيار واصلاح اليات الدفاع المدني بمنطقة مكة المكرمة","2025-10-13","https://tenders.etimad.sa/Tender/DetailsForVisitor?STenderId=1mlQ7TbP49X4Y1m7rM4Imw==","2025-10-22","2025-10-24","اصلاح"
"تأمين قطع غيار آليات رسمية من نوع مرسيدس لوحة رقم ( ح ه ص 5747) مع الاصلاح والتركيب لزوم القوة الخاص ...","2025-10-13","https://tenders.etimad.sa/Tender/DetailsForVisitor?STenderId=x6oRECFiJp3cFwzlo25QVQ==","2025-10-17","2025-10-19","اصلاح"
"تأمين قطع غيار آليات رسمية من نوع شيفرولية ترافيس لوحة رقم ( د ن ص 2302) مع الاصلاح والتركيب لزوم ال ...","2025-10-13","https://tenders.etimad.sa/Tender/DetailsForVisitor?STenderId=QAovJfLdWnpP24sOXUtLsA==","2025-10-17","2025-10-19","اصلاح"
"تأمين قطع غيار آليات رسمية من نوع لاندكروزر لوجة رقم ( ح ل ه 6923) مع الاصلاح والتركيب لزوم قوة أمن ...","2025-10-13","https://tenders.etimad.sa/Tender/DetailsForVisitor?STenderId=BJaiBVFHqDRiyytl%20EDYXA==","2025-10-17","2025-10-19","اصلاح"
"تامين قطع غيار تكييف لزوم اعمال الصيانة والاصلاح لمواقع مختلفة بالادارة الهندسية بالغربية","2025-10-12","https://tenders.etimad.sa/Tender/DetailsForVisitor?STenderId=yzDEA0IM5jlS3cPI3TZ1ZA==","2025-10-19","2025-10-21","اصلاح"
"اصلاح وصيانة مبردات المياة (شلرات) رقم 2/1 وتغيير كل كل مايلزم للتشغيل الكامل مع جميع التوصيلات الكه ...","2025-10-09","https://tenders.etimad.sa/Tender/DetailsForVisitor?STenderId=RmrrQg7dk2U4bApfTBaOjg==","2025-10-12","2025-10-15","اصلاح"
"أعمال اصلاح وصيانة لمركز الدفاع المدني بحي البغدادية بمحافظة جدة","2025-10-09","https://tenders.etimad.sa/Tender/DetailsForVisitor?STenderId=hUPDCYC2*@@**l54SnyISIfMCQ==","2025-10-14","2025-10-20","اصلاح"
"أعمال اصلاح وصيانة بإخلاء و إزالة التشوهات البصرية أمام مقر إدارة التقنية بالمشاعر بالعوالي","2025-10-08","https://tenders.etimad.sa/Tender/DetailsForVisitor?STenderId=TUVtMmqx2lNHzjaQI3r4YA==","2025-10-13","2025-10-15","اصلاح"
"أعمال اصلاح لبعض مباني الدفاع المدني بمدينتي الخبر و الدمام","2025-10-08","https://tenders.etimad.sa/Tender/DetailsForVisitor?STenderId=G4uHJSyCQINVdVxuIYk2Fw==","2025-10-10","2025-10-12","اصلاح"
"تأمين قطع غيار واصلاح أجهزة تعبئة اسطوانات تنفس الدفاع المدني بمنطقة مكة المكرمة","2025-10-08","https://tenders.etimad.sa/Tender/DetailsForVisitor?STenderId=MlvAOSOir87bmmCzpFVmrA==","2025-10-17","2025-10-19","اصلاح"
"تأمين قطع غيار لزوم مستودع شعبة الصيانة بإدارة الدفاع المدني بمنطقة مكة المكرمة","2025-10-08","https://tenders.etimad.sa/Tender/DetailsForVisitor?STenderId=kci6Nr3Gr4BQJdFnwc*@@**Hsg==","2025-10-18","2025-10-20","اصلاح"
"اصلاح جهاز الايون كروما توغرافي","2025-10-07","https://tenders.etimad.sa/Tender/DetailsForVisitor?STenderId=jTgPSMwbtDc0V5bM9PpzEQ==","2025-10-14","2025-10-16","اصلاح"
"جدول اعمال واصلاح وتوريد قطع غيار معدات وسيارات البلدية","2025-10-06","https://tenders.etimad.sa/Tender/DetailsForVisitor?STenderId=vf88*@@**MDibYA%201G*@@**m%20D*@@**qIw==","2025-10-20","2025-10-22","اصلاح"
"اصلاح حادث للمركبة من تويوتا هايلكس موديل 2015 لوحة رقم (أ ي ع 2420 )","2025-10-06","https://tenders.etimad.sa/Tender/DetailsForVisitor?STenderId=fbXBiznQLTYZTAdUo9pOyQ==","2025-11-06","2025-11-06","اصلاح"
"اصلاح حادث للمركبة من سوناتا موديل 2020 لوحة رقم (د م ي 6907)","2025-10-06","https://tenders.etimad.sa/Tender/DetailsForVisitor?STenderId=oNr0puV1BeBlA%20G5DlkJ8g==","2025-11-06","2025-11-06","اصلاح"
"بشأن اصلاح وتأمين وتركيب قطع غيار سيارة نوع تويوتا فورتشنر موديل 2013 لوحة 6799","2025-10-06","https://tenders.etimad.sa/Tender/DetailsForVisitor?STenderId=trJfZVhJKa5%204Vkyb43oEw==","2025-11-12","2025-11-13","اصلاح"
"تأمين قطع غيار واصلاح اليات بإدارة الدفاع المدني بإدارة ميسان","2025-10-06","https://tenders.etimad.sa/Tender/DetailsForVisitor?STenderId=UadubPWp%20LTk6rKU9F84gA==","2025-10-13","2025-10-15","اصلاح"
"توريد وتركيب واصلاح خطوط هاتفية بمبنى قيادة القوات البرية","2025-10-05","https://tenders.etimad.sa/Tender/DetailsForVisitor?STenderId=VfkgK1AD3B6jNmGdN8HD9Q==","2025-10-10","2025-10-21","اصلاح"
"تأمين قطع غيار واصلاح الاليات التابعة لمديرية المنطقة الشرقية والادارات التابعة لها والفروع DM 25 62 ...","2025-10-05","https://tenders.etimad.sa/Tender/DetailsForVisitor?STenderId=zKT7gkdZsn6NSpLdt1*@@**VPA==","2025-10-09","2025-10-11","اصلاح"
"تأمين قطع غيار واصلاح الاليات التابعة لمديرية المنطقة الشرقية والادارات التابعة لها و الفروع DM 25 6 ...","2025-10-05","https://tenders.etimad.sa/Tender/DetailsForVisitor?STenderId=7vRa0HfUMJAgseUcg2Zwbg==","2025-10-08","2025-10-10","اصلاح"
"منافسة MA25620077 اصلاح بعض اليات الدفاع المدني بمنطقة المدينة المنورة – شعبة الصيانة المركزية","2025-10-04","https://tenders.etimad.sa/Tender/DetailsForVisitor?STenderId=blcvD%20HkhAonfUT*@@**7TBjKQ==","2025-10-06","2025-10-08","اصلاح"
"اصلاح مركبة حكومية من نوع دينا ايسوزو موديل 2018","2025-10-03","https://tenders.etimad.sa/Tender/DetailsForVisitor?STenderId=7ddRGVfzjL4Oe2Ave2IH0g==","2025-10-04","2025-10-06","اصلاح"
"اصلاح حادث مروري 3 (GS25620032)","2025-10-02","https://tenders.etimad.sa/Tender/DetailsForVisitor?STenderId=LP5oK0Z%20DiriqeEs8jFwvg==","2025-10-04","2025-10-06","اصلاح"
"كشف واصلاح وتريد قطع غيار رافعات ورشة","2025-10-02","https://tenders.etimad.sa/Tender/DetailsForVisitor?STenderId=4FtZmVqLeiYIkQZlDIhmHg==","2025-10-05","2025-10-07","اصلاح"
"صيانة وإصلاح وحدات التكييف (مدمجة وكونسلت وحدات مناولة الهواء) بمواقع قيادة قوات الدفاع الجوي","2025-10-01","https://tenders.etimad.sa/Tender/DetailsForVisitor?STenderId=NI2FtEh8%20eQxcRFOSLsPMg==","2025-10-06","2025-10-07","اصلاح"
"فحص واصلاح مصادر طاقة رئيسية بالورشة المركزية","2025-10-01","https://tenders.etimad.sa/Tender/DetailsForVisitor?STenderId=vIVWf1XN%20Fwy1X9uzsmEyQ==","2025-10-06","2025-10-07","اصلاح"
"تأمين قطع غيار واصلاح لعدد من السيارات بشعبة الصيانة الباحة BH25620009","2025-09-30","https://tenders.etimad.sa/Tender/DetailsForVisitor?STenderId=5V%20WEFsLOlMpbWE7MnnTfg==","2025-10-04","2025-10-06","اصلاح"
"خدمات صيانة واصلاح مركبة مصفحة من نوع لاندروفر واجن.","2025-09-30","https://tenders.etimad.sa/Tender/DetailsForVisitor?STenderId=NrBghJK*@@**CzOAmg5WvOJuMg==","2025-11-03","2025-11-04","اصلاح"
"تامين قطع غيار واصلاح اليات الدفاع المدني بمنطقة مكة المكرمة","2025-09-29","https://tenders.etimad.sa/Tender/DetailsForVisitor?STenderId=fCQTqOec2e%20%20OHNGNpqQ*@@**A==","2025-10-03","2025-10-05","اصلاح"
"اعمال اصلاح وصيانة لمظلات مركز تدريب الدفاع المدني بمنطقة مكة الكرمة","2025-09-29","https://tenders.etimad.sa/Tender/DetailsForVisitor?STenderId=F2UpScLTkl9qoHOYuw3HSw==","2025-10-03","2025-10-07","اصلاح"
"بيان بالآليات التي تحتاج إلى قطع غيار و اصلاح الخاصة بالإدارة العامة للدفاع المدني بمحافظة الأحساء","2025-09-28","https://tenders.etimad.sa/Tender/DetailsForVisitor?STenderId=IsCwq%20zmNRlWNmKcy7u7Hw==","2025-09-29","2025-10-01","اصلاح"
"بشأن اصلاح وتأمين وتركيب قطع غيار لعدد (3) سيارات","2025-09-25","https://tenders.etimad.sa/Tender/DetailsForVisitor?STenderId=*@@**v4OmxkuZ*@@**HoviXusttcVA==","2025-09-28","2025-09-30","اصلاح"
"بشأن اصلاح وتأمين وتركيب قطع غيار سيارة نوع تويوتا لاندكروزر موديل 2012 لوحة 5619","2025-09-25","https://tenders.etimad.sa/Tender/DetailsForVisitor?STenderId=exEQYQhKHDTUnSyqA3%20ctQ==","2025-09-28","2025-09-30","اصلاح"
"بشأن اصلاح وتأمين وتركيب قطع غيار سيارة نوع تويوتا كورولا موديل 2015 لوحة 8207","2025-09-25","https://tenders.etimad.sa/Tender/DetailsForVisitor?STenderId=28d6T*@@**1K7OZuVmiHJHCL*@@**w==","2025-09-28","2025-09-30","اصلاح"
"بشأن اصلاح وتأمين وتركيب قطع غيار سيارة نوع فورد تورس موديل 2018 لوحة 3345 (حادث مروري)","2025-09-25","https://tenders.etimad.sa/Tender/DetailsForVisitor?STenderId=xbVE%20Q3mC*@@**RiP*@@**Wj3ZpDUA==","2025-09-28","2025-09-30","اصلاح"
"بشأن اصلاح وتأمين وتركيب قطع غيار سيارة نوع تويوتا كورولا موديل 2016 لوحة 6870 (حادث مروري)","2025-09-25","https://tenders.etimad.sa/Tender/DetailsForVisitor?STenderId=vCpLKo4B4AHF31VGF9Ckng==","2025-09-28","2025-09-30","اصلاح"
"تامين قطع غيار واصلاح اليات الدفاع المدني بمنطقة مكة المكرمة","2025-09-25","https://tenders.etimad.sa/Tender/DetailsForVisitor?STenderId=xF9Q2QKPBY*@@**HKiufllbtqg==","2025-10-04","2025-10-06","اصلاح"
"تامين مواد تكييف لغرض الاصلاح بقسم الاستلام والتسليم والترحيل بقاعدة الصيانة بالادارة الهندسية بالغر ...","2025-09-24","https://tenders.etimad.sa/Tender/DetailsForVisitor?STenderId=jTUTjurGYhZpcS*@@**lSEW*@@***@@**A==","2025-10-08","2025-10-08","اصلاح"
"اعمال اصلاح وصيانة لبعض الملاحظات (بوابة الدخول الرئيسية بدقم الوبر - مظلة الآليات وأسقف مستعارة بش ...","2025-09-24","https://tenders.etimad.sa/Tender/DetailsForVisitor?STenderId=xPk86hVC5*@@**FdCwdEtxjb0Q==","2025-09-27","2025-09-29","اصلاح"
"تأمين قطع غيار و اصلاح الاليات التابعة لمديرية المنطقة الشرقية والادارات التابعة لها والفروع DM 25 6 ...","2025-09-24","https://tenders.etimad.sa/Tender/DetailsForVisitor?STenderId=xxQbI9CgkpytxICUbXxm5g==","2025-09-28","2025-09-30","اصلاح"
"توريد قطع غيار اصلاح أسطوانة الطباعة لمجمع الملك لطباعة المصحف الشريف بالمدينة المنورة","2025-09-22","https://tenders.etimad.sa/Tender/DetailsForVisitor?STenderId=robt7tpnDcSnQzHPwQZ9Ug==","2025-09-23","2025-09-25","اصلاح"
"اصلاح وصيانة الة فرم اللوحات لإدارة مرور محافظة الطائف","2025-09-22","https://tenders.etimad.sa/Tender/DetailsForVisitor?STenderId=8teN2SglMhBbTs%20*@@**T0IC5w==","2025-09-26","2025-09-28","اصلاح"
"اصلاح وتامين قطع غيار لسيارة نوع هوندا سوناتا لوحة 3354","2025-09-22","https://tenders.etimad.sa/Tender/DetailsForVisitor?STenderId=%207H2*@@**akiNcWg4gqiwpxiNg==","2025-09-25","2025-09-27","اصلاح"
"منافسة MA25620070 اصلاح بعض اليات الدفاع المدني بمنطقة المدينة المنورة – شعبة الصيانة المركزية","2025-09-22","https://tenders.etimad.sa/Tender/DetailsForVisitor?STenderId=CtTTpXjRb6SFIopxlUIEKw==","2025-09-23","2025-09-25","اصلاح"
"اعمال اصلاح وصيانة لمركز الدفاع المدني بحي اللؤلؤ بمحافظة جدة","2025-09-22","https://tenders.etimad.sa/Tender/DetailsForVisitor?STenderId=xfbv9HG*@@***@@**H%20dqLVKMoRjsQ==","2025-10-01","2025-10-04","اصلاح"
"تامين قطع غيار تكييف لزوم اعمال الصيانة والاصلاح لفرع الادارة الهندسية بالغربية","2025-09-22","https://tenders.etimad.sa/Tender/DetailsForVisitor?STenderId=Wf2zwccsr*@@**GcwM99wN4aoQ==","2025-09-28","2025-09-28","اصلاح"
"الموافقة على طرح عملية اصلاح عدد (3) معدات من نوع شيول فركاوا رقم 16097 وقريدر كوماتسو رقم 16110 وبل ...","2025-09-22","https://tenders.etimad.sa/Tender/DetailsForVisitor?STenderId=frXKcKf928XbvC*@@**Dttw%20Tw==","2025-10-02","2025-10-08","اصلاح"
"اصلاح مع توفير قطع غيار لرافعه شوكية من نوع ليندي بمركز الغسيل الكلوي بجدة التابعة للشؤون الصحية بو ...","2025-09-21","https://tenders.etimad.sa/Tender/DetailsForVisitor?STenderId=pje53tJgA4j3fLx1*@@**USxAQ==","2025-09-23","2025-09-27","اصلاح"
"منافسة MA25610069اصلاح بعض الكاميرات الحرارية والاجهزة التابعة للدفاع المدني بمنطقة المدينة المنورة","2025-09-21","https://tenders.etimad.sa/Tender/DetailsForVisitor?STenderId=mLT%20wq3l%20b1YsVcMFf6BwQ==","2025-09-26","2025-09-28","اصلاح"
"تأمين قطع غيار واصلاح اليات الدفاع المدني بمنطقة مكة المكرمة","2025-09-21","https://tenders.etimad.sa/Tender/DetailsForVisitor?STenderId=LNyod90CL6BjBktiuRNIFQ==","2025-10-01","2025-10-03","اصلاح"
"تأمين قطع غيار واصلاح اليات بإدارة الدفاع المدني بمنطقة مكة المكرمة","2025-09-21","https://tenders.etimad.sa/Tender/DetailsForVisitor?STenderId=SaK5%20NG7oVMRFcQGEP2Z3g==","2025-10-01","2025-10-03","اصلاح"
"تأمين قطع غيار واصلاح اليات الدفاع المدني بمنطقة مكة المكرمة","2025-09-21","https://tenders.etimad.sa/Tender/DetailsForVisitor?STenderId=%2007T9jGN%2047HFfVg8faiUg==","2025-09-25","2025-09-27","اصلاح"
"تامين قطع غيار مع الاصلاح لاليات بإدارة الدفاع المدني بالليث","2025-09-21","https://tenders.etimad.sa/Tender/DetailsForVisitor?STenderId=sW45WN0ipGQP3auuVRbmXw==","2025-10-01","2025-10-03","اصلاح"
"تأمين قطع غيار واصلاح الاليات التابعة لمديرية المنطقة الشرقية والادارات التابعة لها والفروع DM 25 6 ...","2025-09-19","https://tenders.etimad.sa/Tender/DetailsForVisitor?STenderId=%20f1o22oiJaCDUFsv3TnBDg==","2025-09-22","2025-09-24","اصلاح"
"تامين قطع غيار مع الاصلاح لالية بإدارة الدفاع المدني بالليث","2025-09-18","https://tenders.etimad.sa/Tender/DetailsForVisitor?STenderId=2exy7izz4NdXeVZxXWjT9g==","2025-09-28","2025-10-01","اصلاح"
"تأمين قطع غيار واصلاح اليات الدفاع المدني بمنطقة مكة المكرمة","2025-09-18","https://tenders.etimad.sa/Tender/DetailsForVisitor?STenderId=vkFwCATQjlK5nvNd0LD9Ww==","2025-09-28","2025-09-30","اصلاح"
"تأمين قطع غيار واصلاح اليات الدفاع المدني بمنطقة مكة المكرمة","2025-09-18","https://tenders.etimad.sa/Tender/DetailsForVisitor?STenderId=3x%20hu*@@**UzC%20VPBMeej2vOSg==","2025-09-28","2025-09-30","اصلاح"
"اصلاح عطل وحدة الطباعة الرابعة لمجمع الملك فهد لطباعة المصحف الشريف بالمدينة المنورة","2025-09-18","https://tenders.etimad.sa/Tender/DetailsForVisitor?STenderId=Ll57wKX1jKP9m9*@@**8XRcbBA==","2025-09-23","2025-09-25","اصلاح"
"الحاجة لتركيب عدد 4 رادارات ساحلية مساندة مع جميع ملحقاتها وعدد 3 رادارات ساحلية لتنفيذ أعمال الكشف ...","2025-09-18","https://tenders.etimad.sa/Tender/DetailsForVisitor?STenderId=Skqtm0niAw*@@**FmQTpmGa9pw==","2025-09-28","2025-10-04","اصلاح"
"اصلاح حادث مركبة حكومية من نوع تايوتا هايلكس غمارتين موديل 2015 التابعة لمديرية مكافحة المخدرات بمنط ...","2025-09-18","https://tenders.etimad.sa/Tender/DetailsForVisitor?STenderId=IPyFWKE%20Srrwzgiw88zJHA==","2025-09-27","2025-09-27","اصلاح"
"اصلاح حادث مركبة حكومية من نوع تايوتا هايلكس غمارتين موديل 2015 التابعة لمديرية مكافحة المخدرات بمنط ...","2025-09-18","https://tenders.etimad.sa/Tender/DetailsForVisitor?STenderId=fFGZgTP%20nl8b4sQqZhC*@@**mw==","2025-09-27","2025-09-27","اصلاح"
"اصلاح غرفه حراسة مدرعه على ان تكون مدة التوريد خلال 30 يوم","2025-09-17","https://tenders.etimad.sa/Tender/DetailsForVisitor?STenderId=Be1Oh%20dHJpy*@@**jVN8ykpTrw==","2025-09-21","2025-09-23","اصلاح"
"بيان بالآليات التي تحتاج إلى قطع غيار و اصلاح الخاصة بالإدارة العامة للدفاع المدني بمحافظة الأحساء","2025-09-17","https://tenders.etimad.sa/Tender/DetailsForVisitor?STenderId=BZoDc3c0NOWKu5UaWskeSg==","2025-09-22","2025-09-28","اصلاح"
"تأمين قطع غيار واصلاح اليات الدفاع المدني بمنطقة مكة المكرمة","2025-09-17","https://tenders.etimad.sa/Tender/DetailsForVisitor?STenderId=V4OJ7sPwipvzxGZRr0qzrw==","2025-09-27","2025-09-29","اصلاح"
"تأمين قطع غيار واصلاح اليات الدفاع المدني بمنطقة مكة المكرمة","2025-09-17","https://tenders.etimad.sa/Tender/DetailsForVisitor?STenderId=%20Sk5cwMbu%208LVCON0xn9bw==","2025-09-27","2025-09-29","اصلاح"
"اصلاح وتركيب لصدام خلفي مع الدهان للدورية الرسمية من نوع شفرولية ترافس موديل 2023 رقم اللوحة (ر ع م ...","2025-09-16","https://tenders.etimad.sa/Tender/DetailsForVisitor?STenderId=V56ipmXrYu2z3tZld8xI5g==","2025-11-09","2025-11-10","اصلاح"
"صيانة واصلاح وتامين قطع الغيار اللازمة لتشغيل جهاز اظهار رقم المتصل بمركز القيادة والتوجيه بمديرية ا ...","2025-09-16","https://tenders.etimad.sa/Tender/DetailsForVisitor?STenderId=2oVJV*@@**aGe6sXnsJ5*@@**nDhoQ==","2025-09-19","2025-09-22","اصلاح"
"تأمين قطع غيار واصلاح الاليات التابعة لمديرية المنطقة الشرقية والادارات التابعة لها والفروع DM 25 62 ...","2025-09-16","https://tenders.etimad.sa/Tender/DetailsForVisitor?STenderId=An9j%20ROvBJ6fvOKhhU5UVw==","2025-09-20","2025-09-22","اصلاح"
"تأمين قطع غيار واصلاح الاليات التابعة لمديرية المنطقة الشرقية والادارات التابعة لها والفروع DM 25 62 ...","2025-09-16","https://tenders.etimad.sa/Tender/DetailsForVisitor?STenderId=SzMeTpO7tx*@@**fw0VZXOw28Q==","2025-09-20","2025-09-22","اصلاح"
"تأمين قطع غيار و اصلاح المعدات التابعة لمديرية المنطقة الشرقية والادارات التابعة لها و الفروع DM 25 ...","2025-09-16","https://tenders.etimad.sa/Tender/DetailsForVisitor?STenderId=4tLU9PpUWUqGrRgBTdhFEQ==","2025-09-20","2025-09-22","اصلاح"
"تأمين قطع غيار واصلاح اليات الدفاع المدني بمنطقة مكة المكرمة","2025-09-16","https://tenders.etimad.sa/Tender/DetailsForVisitor?STenderId=MdUPkemg5yioZnxXkgIVhg==","2025-11-16","2025-11-16","اصلاح"
"تأمين قطع غيار واصلاح اليات بإدارة الدفاع المدني بمنطقة مكة المكرمة","2025-09-16","https://tenders.etimad.sa/Tender/DetailsForVisitor?STenderId=wKahhme2*@@**hBxgl4p57XUdg==","2025-09-26","2025-09-28","اصلاح"
"تأمين قطع غيار واصلاح اليات الدفاع المدني بمنطقة مكة المكرمة","2025-09-15","https://tenders.etimad.sa/Tender/DetailsForVisitor?STenderId=D7qgn0ZVn9Q7iMsrHau9xg==","2025-09-20","2025-09-22","اصلاح"
"تامين قطع غيار لزوم اعمال الصيانة والاصلاح للمولدات الكهربائية بفرع الغربية","2025-09-15","https://tenders.etimad.sa/Tender/DetailsForVisitor?STenderId=*@@**7QG8mKCs5KaZk1pBq8*@@**zA==","2025-09-25","2025-10-01","اصلاح"
"منافسة تامين وتوريد قهوة ومستلزماتها لزوم لجنة اصلاح ذات البين","2025-09-14","https://tenders.etimad.sa/Tender/DetailsForVisitor?STenderId=9lVWyX7gTB23Wd*@@**lCmYg4w==","2025-09-15","2025-09-17","اصلاح"
"اصلاح نظام انذار الحريق في بعض مباني قاعدة الملك سلمان للإسناد البحري","2025-09-14","https://tenders.etimad.sa/Tender/DetailsForVisitor?STenderId=BPBcuStLj5r%20eWyBSGHbxQ==","2025-09-21","2025-09-25","اصلاح"
"مشروع اصلاح ملحوظات الاستلام النهائي لمبنى هيئة محافظة وادي الدواسر","2025-09-14","https://tenders.etimad.sa/Tender/DetailsForVisitor?STenderId=TcQMoKP32c7nVdJPauTi%20w==","2025-09-19","2025-09-21","اصلاح"
"بيان اصلاح وتوريد وتأمين وتركيب قطع غيار إدارة الدفاع المدني بمحافظة الدوادمي التابعة لمديرية منطقة ...","2025-09-12","https://tenders.etimad.sa/Tender/DetailsForVisitor?STenderId=T1ERhcFVfPcDny3acAlFTg==","2025-09-14","2025-09-17","اصلاح"
"بيان اصلاح وتوريد وتأمين قطع غيار لإدارة الدفاع المدني بمحافظة الخرج والتابعة لمديرية الدفاع المدني ...","2025-09-12","https://tenders.etimad.sa/Tender/DetailsForVisitor?STenderId=mv8GMpNGcYVbQffnDXqcuw==","2025-09-14","2025-09-17","اصلاح"
"بخصوص تامين قطع غيار لاصلاح زوارق الخدمه رقم ( خ5117 - ع5119) العامله بالمنطقة الشرقية","2025-09-11","https://tenders.etimad.sa/Tender/DetailsForVisitor?STenderId=LXa0ABzdN8P2%207J5ZYlpPg==","2025-09-21","2025-09-24","اصلاح"
"اصلاح لمرة واحدة لجهاز MCRO AQUASTIM CALORIC IRRIGATOR في مدينة الملك عبدالعزيز الطبية في الرياض الت ...","2025-09-11","https://tenders.etimad.sa/Tender/DetailsForVisitor?STenderId=f5NdNVrzO1DCR3yiHvAMhQ==","2025-09-29","2025-10-02","اصلاح"
"اصلاح وصيانة الة فرم ووزن اللوحات لإدارة مرور محافظة جدة","2025-09-10","https://tenders.etimad.sa/Tender/DetailsForVisitor?STenderId=i%20fZOhu2hj1jASi9YTRtxg==","2025-09-14","2025-09-16","اصلاح"
"اعمال اصلاح وصيانة لغرفة المولد بمركز الدفاع المدني بالبيضاء بمحافظة بحره","2025-09-10","https://tenders.etimad.sa/Tender/DetailsForVisitor?STenderId=WAx%20sFkwN6WCQuAFk4IKjg==","2025-09-20","2025-09-22","اصلاح"
"تأمين قطع غيار واصلاح الأليات التابعة لمديرية المنطقة الشرقية والادارات التابعة لها و الفروع DM 25 6 ...","2025-09-09","https://tenders.etimad.sa/Tender/DetailsForVisitor?STenderId=RAVh1sKfpNfTxsq*@@**FjmazQ==","2025-09-12","2025-09-14","اصلاح"
"تأمين قطع غيار واصلاح الأليات التابعة لمديرية المنطقة الشرقية والادارات التابعة لها و الفروع DM 25 6 ...","2025-09-09","https://tenders.etimad.sa/Tender/DetailsForVisitor?STenderId=g7iUIOY3fhMJ%20XEokjuE4A==","2025-09-13","2025-09-15","اصلاح"
"خدمة طلب عدد ( 8 ) فنيين للعمل على اصلاح دورات مياة سفينة جلالة الملك ينبع ( 904 ) وذلك لمدة ( 21 ) ...","2025-09-09","https://tenders.etimad.sa/Tender/DetailsForVisitor?STenderId=Sp0lMJSd1ZLQ3R8KEO%20%20%20Q==","2025-09-14","2025-09-15","اصلاح"
"خدمة عمل صيانة واصلاح انابيب على سفينة جلالة الملك ( الطائف )","2025-09-07","https://tenders.etimad.sa/Tender/DetailsForVisitor?STenderId=Zp3cRd9rJttpETg0FpkCAQ==","2025-09-13","2025-09-14","اصلاح"
"خدمة عمل صيانة واصلاح مكائن واليات على سفينة جلالة الملك ( ينبع )","2025-09-07","https://tenders.etimad.sa/Tender/DetailsForVisitor?STenderId=KCgVCcknb7NgAGO6ObQlrA==","2025-09-13","2025-09-14","اصلاح"
"أعمال اصلاح و صيانة المظلات الشراعية للآليات لبعض مباني الدفاع المدني بمنطقة حائل","2025-09-07","https://tenders.etimad.sa/Tender/DetailsForVisitor?STenderId=pkuE6o5kBqXB7skv7ZO2rw==","2025-09-08","2025-09-10","اصلاح"
"صيانة واصلاح واعادة تعبئة غازات صناعية","2025-09-06","https://tenders.etimad.sa/Tender/DetailsForVisitor?STenderId=4tf9p9zYMjQm3Rc4LyrlUA==","2025-09-12","2025-09-14","اصلاح"
"الصيانة الطبية - اصلاح خارجي لمنظار عمليات جراحي","2025-09-04","https://tenders.etimad.sa/Tender/DetailsForVisitor?STenderId=JXDAA%209c8nJVLRc6d0CVkA==","2025-09-14","2025-09-14","اصلاح"
"نقل واصلاح وتركيب غرفة مصفحة بمنطقة مكة المكرمة","2025-09-04","https://tenders.etimad.sa/Tender/DetailsForVisitor?STenderId=I0k4rO%20KLUfOzsjr9*@@**IvlA==","2025-09-08","2025-09-10","اصلاح"
"خدمة عمل اصلاح انابيب على سفينة جلالة الملك ( ابها )","2025-09-04","https://tenders.etimad.sa/Tender/DetailsForVisitor?STenderId=J0qu6WlnPtYEcfjdrKfqrw==","2025-11-08","2025-11-09","اصلاح"
"خدمة عمل صيانة واصلاح مولدات ومواطير على سفينة جلالة الملك ( ينبع )","2025-09-04","https://tenders.etimad.sa/Tender/DetailsForVisitor?STenderId=DDJpqaUe%20AT700fQyZeoZQ==","2025-11-01","2025-11-02","اصلاح"
"خدمة عمل صيانة واصلاح مولدات ومواطير على سفينة جلالة الملك ( مكة )","2025-09-04","https://tenders.etimad.sa/Tender/DetailsForVisitor?STenderId=6OJHtUKxq1Ij16ONmqn5hQ==","2025-11-05","2025-11-06","اصلاح"
"خدمة عمل صيانة واصلاح الخزانات والهايكل على سفينة جلالة الملك ( الطائف )","2025-09-04","https://tenders.etimad.sa/Tender/DetailsForVisitor?STenderId=1vDK*@@**pLiaV3KplzeAB%20cyg==","2025-11-09","2025-11-10","اصلاح"
"منافسة MA25610065 اصلاح بعض المعدات الفنية التابعة للدفاع المدني بمنطقة المدينة المنورة – شعبة الصيا ...","2025-09-04","https://tenders.etimad.sa/Tender/DetailsForVisitor?STenderId=SLYJJo0DV5dJ8myDChYtTg==","2025-09-08","2025-09-10","اصلاح"
"اصلاح وتأمين قطع الغيار المطلوب تأمينها لآليات وسيارات الدفاع المدني","2025-09-04","https://tenders.etimad.sa/Tender/DetailsForVisitor?STenderId=fsx2WMqF6NVsoL*@@**qd3UDbw==","2025-09-06","2025-09-08","اصلاح"
"اصلاح وتأمين قطع الغيار المطلوب تأمينها لآليات وسيارات الدفاع المدني","2025-09-04","https://tenders.etimad.sa/Tender/DetailsForVisitor?STenderId=eOeqmRlg6YIUIAgk0BUMsA==","2025-09-06","2025-09-08","اصلاح"
"اصلاح و اعادة قطع غيار توربينات غازية","2025-09-03","https://tenders.etimad.sa/Tender/DetailsForVisitor?STenderId=kspLpizFZZ1mZT5V8O1lXw==","2025-09-21","2025-09-22","اصلاح"
"خدمة عمل صيانة واصلاح مولدات و مواطير لسفينة جلالة الملك ( الطائف )","2025-09-03","https://tenders.etimad.sa/Tender/DetailsForVisitor?STenderId=%201nQUWRthXC2FxQPll4Krg==","2025-09-07","2025-09-08","اصلاح"
"خدمة عمل صيانة واصلاح مكائن واليات لسفينة جلالة الملك ( ابها )","2025-09-03","https://tenders.etimad.sa/Tender/DetailsForVisitor?STenderId=EWkA9LkUAflz37N4oQT7eg==","2025-09-07","2025-09-08","اصلاح"
"خدمة عمل صيانة واصلاح مكائن واليات لسفينة جلالة الملك ( الرياض )","2025-09-03","https://tenders.etimad.sa/Tender/DetailsForVisitor?STenderId=8fB5E%20ZvaKETjN5EABGdrQ==","2025-09-07","2025-09-08","اصلاح"
"خدمة عمل صيانة واصلاح انابيب لسفينة جلالة الملك ( ينبع )","2025-09-03","https://tenders.etimad.sa/Tender/DetailsForVisitor?STenderId=vMK1ZQsvN9l7oU*@@**Vr6w4Pg==","2025-09-07","2025-09-08","اصلاح"
"خدمة عمل صيانة واصلاح مكائن واليات لسفينة جلالة الملك ( مكة )","2025-09-03","https://tenders.etimad.sa/Tender/DetailsForVisitor?STenderId=zI5KGoZAxqqeqfFLPUiM5g==","2025-09-13","2025-09-14","اصلاح"
"اصلاح وصيانة جهاز تسجيل المحادثات التابعة للادارة العامة للدفاع المدني بمدينة الدمام","2025-09-03","https://tenders.etimad.sa/Tender/DetailsForVisitor?STenderId=oLt2VNuUsndpvLpcIrspAQ==","2025-09-04","2025-09-06","اصلاح"
"خدمة عمل صيانة واصلاح مولدات ومواطير سفينة جلالة الملك ( ابها )","2025-09-02","https://tenders.etimad.sa/Tender/DetailsForVisitor?STenderId=*@@**AIIuIv9XsY0j7IFfH5Oxg==","2025-10-18","2025-10-19","اصلاح"
"خدمة عمل صيانة واصلاح مكائن واليات سفينة جلالة الملك ( الطائف )","2025-09-02","https://tenders.etimad.sa/Tender/DetailsForVisitor?STenderId=EfO5TTmjAj%20Tx2X%201igf1A==","2025-09-13","2025-09-14","اصلاح"
"خدمة عمل صيانة واصلاح المكيفات والضواغط على سفينة جلالة الملك ( ينبع )","2025-09-02","https://tenders.etimad.sa/Tender/DetailsForVisitor?STenderId=6pWfE7xEDqQxIxBBPJea7g==","2025-11-08","2025-11-09","اصلاح"
"خدمة عمل صيانة واصلاح المكيفات والضواغط على سفينة جلالة الملك ( مكة )","2025-09-02","https://tenders.etimad.sa/Tender/DetailsForVisitor?STenderId=mjmh9G85sEF1Bny6TABntA==","2025-09-13","2025-09-14","اصلاح"
"خدمة عمل صيانة واصلاح مولدات ومواصير سفينة جلالة الملك ( الرياض )","2025-09-02","https://tenders.etimad.sa/Tender/DetailsForVisitor?STenderId=WkfqRoZefWb0tf64Mx3Itg==","2025-09-13","2025-09-14","اصلاح"
"اصلاح وتامين وتوريد قطع غيار لإدارة الدفاع المدني بمحافظة ضرماء والتابعة لمديرية الدفاع المدني بمنطق ...","2025-08-31","https://tenders.etimad.sa/Tender/DetailsForVisitor?STenderId=fdUcbHb1c9M3gGbaAmV2nQ==","2025-09-02","2025-09-05","اصلاح"
"اصلاح وتأمين وتوريد قطع غيار لإدارة الدفاع المدني بمحافظة رماح والتابعة لمديرية الدفاع المدني بالريا ...","2025-08-31","https://tenders.etimad.sa/Tender/DetailsForVisitor?STenderId=POl6dQ3mpnc2*@@**YqcLirlCw==","2025-09-02","2025-09-05","اصلاح"
"توريد مستلزمات ورش ومرافق اصلاح السفن","2025-08-31","https://tenders.etimad.sa/Tender/DetailsForVisitor?STenderId=WgksQNgtbrOBU3Q9BV2CMw==","2025-09-04","2025-09-06","اصلاح"
"بشأن اصلاح وتأمين وتركيب قطع غيار سيارة نوع تويوتا هايلوكس موديل 2020 لوحة 2700 (حادث مروري)","2025-08-31","https://tenders.etimad.sa/Tender/DetailsForVisitor?STenderId=vu%206oD2XcC5k6ZktZuLjIg==","2025-09-02","2025-09-04","اصلاح"
"منافسة توريد وتركيب قطع غيار لاصلاح اجهزة خزانات السلامة البيولوجية بفرع الجامعة بجدة","2025-08-28","https://tenders.etimad.sa/Tender/DetailsForVisitor?STenderId=trPiM1fylgXuiaYDqiilEw==","2025-09-07","2025-09-13","اصلاح"
"صيانة واصلاح جهاز الطابعة الاحترافي UV600S","2025-08-28","https://tenders.etimad.sa/Tender/DetailsForVisitor?STenderId=lmd6INAL6rcEaF3htD3*@@**Zg==","2025-08-30","2025-09-03","اصلاح"
"خدمة اصلاح الكيابل التالفة الخاصة بالمكائن الرئيسية والمولدات في غرفة المحركات على سفينة جلالة الملك ...","2025-08-28","https://tenders.etimad.sa/Tender/DetailsForVisitor?STenderId=rtwalzgNL9Gwa2zl84d98g==","2025-09-08","2025-09-09","اصلاح"
"تأمين قطع غيار واصلاح اليات بإدارة الدفاع المدني بمنطقة مكة المكرمة","2025-08-27","https://tenders.etimad.sa/Tender/DetailsForVisitor?STenderId=ryjLmHpXVlSHzRQM2Xa%20zw==","2025-09-06","2025-09-08","اصلاح"
"تأمين قطع غيار واصلاح اليات بإدارة الدفاع المدني بمنطقة مكة المكرمة","2025-08-27","https://tenders.etimad.sa/Tender/DetailsForVisitor?STenderId=JSOiAwpE%20oD2qI0sKDJaZw==","2025-09-06","2025-09-08","اصلاح"
"تحسين وتطوير أعمدة الانارة بمرفق اصلاح السفن بقاعدة الملك فيصل البحرية بجدة","2025-08-27","https://tenders.etimad.sa/Tender/DetailsForVisitor?STenderId=O*@@**AczWV2cE7emc*@@**UxxnhUw==","2025-09-27","2025-09-28","اصلاح"
"تأمين قطع غيار واصلاح اليات بإدارة الدفاع المدني بمنطقة مكة المكرمة","2025-08-27","https://tenders.etimad.sa/Tender/DetailsForVisitor?STenderId=s6Gqk8nacg67YCmiNfhBLg==","2025-09-06","2025-09-08","اصلاح"
"اعمال صيانة واصلاح مظلات السيارات الادارية بإدارة الدفاع المدني بمحافظة البدائع وبعض مباني الدفاع ال ...","2025-08-27","https://tenders.etimad.sa/Tender/DetailsForVisitor?STenderId=uJiEHsurI2wol9CSYh3fFA==","2025-08-29","2025-08-31","اصلاح"
"توريد وتركيب قطع غيار واصلاح تويوتا بكب غماره تابعه لادارة الدفاع المدني بسكاكا بمنطقة الجوف نتيجة و ...","2025-08-27","https://tenders.etimad.sa/Tender/DetailsForVisitor?STenderId=zNc2FmldS*@@**RnEIubgQ12rA==","2025-08-30","2025-09-01","اصلاح"
"اصلاح وتأمين قطع الغيار المطلوب تأمينها لآليات وسيارات الدفاع المدني","2025-08-26","https://tenders.etimad.sa/Tender/DetailsForVisitor?STenderId=f1G5mdQdxEzUQfEDL2SOSw==","2025-08-28","2025-08-30","اصلاح"
"اصلاح وتأمين قطع الغيار المطلوب تأمينها لآليات وسيارات الدفاع المدني","2025-08-26","https://tenders.etimad.sa/Tender/DetailsForVisitor?STenderId=Ns4F2sQ8D1LGgTm2T7tfHg==","2025-08-28","2025-08-30","اصلاح"
"اصلاح وتأمين قطع الغيار المطلوب تأمينها لآليات وسيارات الدفاع المدني","2025-08-26","https://tenders.etimad.sa/Tender/DetailsForVisitor?STenderId=nuYeOqY4auWBSDwfCF43Pg==","2025-08-28","2025-08-30","اصلاح"
"اصلاح وصيانة ودهان حواجز حديدية لزوم فرع التموين بالإدارة العامة للمرور بـ (العاصمة المقدسة)","2025-08-25","https://tenders.etimad.sa/Tender/DetailsForVisitor?STenderId=IBr*@@**Ts5VjFjZEX0a3MGWPg==","2025-08-29","2025-08-31","اصلاح"
"اصلاح لوحة كهربائية لزوم مبنى محافظة الافلاج","2025-08-25","https://tenders.etimad.sa/Tender/DetailsForVisitor?STenderId=JhjqxJj2tntaMvxnd0j6PQ==","2025-08-29","2025-08-31","اصلاح"
"اعادة تأهيل للإستاد الرياضي بكلية الملك عبد العزيز الحربية","2025-08-21","https://tenders.etimad.sa/Tender/DetailsForVisitor?STenderId=fc6EDxZGoxiliG*@@**koklOvw==","2025-08-31","2025-09-21","اصلاح"
"صيانه واصلاح ( صوفة هيدروليك خلفي يسار ) لشيول بحفار خلفي كتر بلر التابع لسرية هندسة القتال بوزارة ا ...","2025-08-21","https://tenders.etimad.sa/Tender/DetailsForVisitor?STenderId=MBicJX0an5joCVaqlxMvig==","2025-09-04","2025-09-04","اصلاح"
"تأمين اطارات للاليات الفنية لزوم مستودع الدفاع المدني بمنطقة مكة المكرمة","2025-08-20","https://tenders.etimad.sa/Tender/DetailsForVisitor?STenderId=On5JUY7mClF8zAoDavIVag==","2025-08-30","2025-09-01","اصلاح"
"جدول كميات صيانة وإصلاح مباني الدفاع المدني بمنطقة الباحة","2025-08-19","https://tenders.etimad.sa/Tender/DetailsForVisitor?STenderId=QVeiNMIaqPvO9N94EPzyrA==","2025-08-23","2025-08-26","اصلاح"
"اصلاح خارجي لمستشعر جهاز الاشعة","2025-08-19","https://tenders.etimad.sa/Tender/DetailsForVisitor?STenderId=1noWvE1b%20b51zO61CyKdww==","2025-08-21","2025-08-23","اصلاح"
"اصلاح خارجي لبروب جهاز التراساند في مركز القلب","2025-08-19","https://tenders.etimad.sa/Tender/DetailsForVisitor?STenderId=m8n7o1u00XYJYa7FPAfWBg==","2025-08-21","2025-08-23","اصلاح"
"اصلاح لوحة كهربائية لزوم المولد الكهربائي الاحتياطي بمبنى محافظة الحريق","2025-08-19","https://tenders.etimad.sa/Tender/DetailsForVisitor?STenderId=QKhxIwYRc5z5hrnQa2%20%20pg==","2025-08-23","2025-08-25","اصلاح"
"تأمين قطع غيار واصلاح اليات بإدارة الدفاع المدني بمنطقة مكة المكرمة","2025-08-19","https://tenders.etimad.sa/Tender/DetailsForVisitor?STenderId=aE*@@**OCJMUtVf9VOJvLQqfFQ==","2025-08-29","2025-08-31","اصلاح"
"اصلاح دينمو الشروع","2025-08-19","https://tenders.etimad.sa/Tender/DetailsForVisitor?STenderId=OSV0PXXvfwpQ1VNpiaAb9g==","2025-08-24","2025-08-26","اصلاح"
"اصلاح وصيانة الات التصوير التابعة لمديرية الدفاع المدني بمنطقة المدينة المنورة والإدارات التابعة له ...","2025-08-18","https://tenders.etimad.sa/Tender/DetailsForVisitor?STenderId=1p%20mPZcFF80Yshc92EHhlQ==","2025-08-23","2025-08-25","اصلاح"
"تأمين قطع غيار واصلاح اليات بإدارة الدفاع المدني بمنطقة مكة المكرمة","2025-08-18","https://tenders.etimad.sa/Tender/DetailsForVisitor?STenderId=sYERotJ6OH24OWhjNLD3Wg==","2025-08-28","2025-08-30","اصلاح"
"صيانة واصلاح ( فلنجة ) باص انترنشونال 45 راكب موديل 1992 لمركز التدريب بوزارة الحرس الوطني بالقطاع ا ...","2025-08-18","https://tenders.etimad.sa/Tender/DetailsForVisitor?STenderId=3bF2y12nUorKPRePC6TLvw==","2025-09-04","2025-09-04","اصلاح"
"اصلاح شاحنة ميتسوبيشي حسب جدول الكميات بمدينة الملك عبدالعزيز الطبية بجدة التابعة للشؤون الصحية بوزا ...","2025-08-17","https://tenders.etimad.sa/Tender/DetailsForVisitor?STenderId=Yyr9d8HWezZfIo3tT8gpjw==","2025-08-19","2025-08-23","اصلاح"
"تأمين قطع غيار واصلاح اليات بإدارة الدفاع المدني بمنطقة مكة المكرمة","2025-08-17","https://tenders.etimad.sa/Tender/DetailsForVisitor?STenderId=I2Krw%20%20WElX4JbMyQZuBJw==","2025-08-27","2025-08-29","اصلاح"
"تأمين قطع غيار واصلاح اليات بإدارة الدفاع المدني بمنطقة مكة المكرمة","2025-08-17","https://tenders.etimad.sa/Tender/DetailsForVisitor?STenderId=z2OIIvTxDVvCJNCpGFT*@@**gA==","2025-08-27","2025-08-29","اصلاح"
"اعمال اصلاح وصيانة لمبنى ( قوة الطوارئ الخاصة ـ غرب ابها ـ غرب الخميس ـ الرصراص ـ شعبة المستودعات ا ...","2025-08-14","https://tenders.etimad.sa/Tender/DetailsForVisitor?STenderId=NK%2055QYiGSay1oKKp0chPQ==","2025-08-18","2025-08-20","اصلاح"
"اعمال اصلاح وصيانة مركز تدريب الدفاع المدني بمنطقة عسير","2025-08-14","https://tenders.etimad.sa/Tender/DetailsForVisitor?STenderId=P0%203gMe8dKHZTFF*@@**6WMdig==","2025-08-18","2025-08-22","اصلاح"
"تامين ضاغط لزوم اصلاح وحدة تكييف بورشة الهيدروليك بفرع الإدارة الهندسية بالغربية","2025-08-14","https://tenders.etimad.sa/Tender/DetailsForVisitor?STenderId=QjCSL39soHJ5*@@**Qv3V%204WdA==","2025-08-20","2025-08-22","اصلاح"
"اعمال اصلاح وصيانة لغرفة المراقبة الأمنية بمعسكر الدفاع المدني بدقم الوبر","2025-08-13","https://tenders.etimad.sa/Tender/DetailsForVisitor?STenderId=5oZuzxA4Wqiizz6bFsL8Jw==","2025-08-18","2025-08-20","اصلاح"
"تامين قطع غيار مع الاصلاح لعدد من الاليات لإدارة الدفاع المدني بالليث","2025-08-13","https://tenders.etimad.sa/Tender/DetailsForVisitor?STenderId=xJrYDSXAfzlbjfUnku5OFA==","2025-08-26","2025-08-28","اصلاح"
"منافسة MA25610060اصلاح بعض الكاميرات الحرارية ومعدات الزلازل التابعة للدفاع المدني بمنطقة المدينة ا ...","2025-08-13","https://tenders.etimad.sa/Tender/DetailsForVisitor?STenderId=u9bYuB%20QQWM1sblP%20nAu9Q==","2025-08-19","2025-08-21","اصلاح"
"صيانة واصلاح أجهزة التكييف والتبريد لمباني الدفاع المدني بالمشاعر المقدسة خلال مواسم حج (1447/1448/1 ...","2025-08-12","https://tenders.etimad.sa/Tender/DetailsForVisitor?STenderId=hjcmW6AwqsIZXm38y524rw==","2025-08-22","2025-09-02","اصلاح"
"عملية اصلاح البورتبلات المسحوبة وايصال الخدمات لها بمختلف مواقع القوات الأمنية المشاركة بمهمة حج عام ...","2025-08-12","https://tenders.etimad.sa/Tender/DetailsForVisitor?STenderId=lVfYHk2srZtCts6YwqLhEQ==","2025-08-22","2025-08-28","اصلاح"
"اصلاح معدات كبس نفايات ووايت ماء بموقع الخرج","2025-08-12","https://tenders.etimad.sa/Tender/DetailsForVisitor?STenderId=8M3PnN*@@**9bm2MfVmfh554vQ==","2025-08-15","2025-08-18","اصلاح"
"منافسة MA25620058 اصلاح بعض اليات الدفاع المدني بمنطقة المدينة المنورة – شعبة الصيانة المركزية","2025-08-11","https://tenders.etimad.sa/Tender/DetailsForVisitor?STenderId=TdZXpLC1AIsdQsyFDjx%20%20Q==","2025-08-15","2025-08-17","اصلاح"
"J-RT-Spare Parts for Bed TotalCare DUO2 قطع غيار لاصلاح سرير طبي-JR701545","2025-08-11","https://tenders.etimad.sa/Tender/DetailsForVisitor?STenderId=rRHT1vuHa6M1kE7Fkxc0jg==","2025-10-27","2025-10-27","اصلاح"